record_type,name,organization,role_or_outlet_type,geographic_or_subject_scope,priority_tier,why_relevant,coverage_or_evidence,source_url,public_contact_route,verification_status,verified_on,notes
methodology,District scope,,Scope definition,"Oakland, Berkeley, Alameda, Albany, Emeryville, Piedmont, and most of San Leandro",Reference,"Defines 'current CA-12' as the present East Bay district, not prior districts with the same number.",,https://simon.house.gov/about/about,,Official district source,2026-09-03,Boundary descriptions should be checked against the latest official map for address-level claims.
methodology,Coverage classification,,Research rule,Media inventory,Reference,"Separates direct district/candidate coverage from event, representative, syndicated, or discovery-only mentions.",,,,Research methodology,2026-09-03,A lead is not proof of current employment or interest. Re-verify before outreach.
methodology,Allegation standard,,Editorial safeguard,Public-corruption reporting,Reference,"Outreach should present documents and verifiable facts, distinguish allegations from findings, and avoid asserting criminal conduct without evidence.",,,,Research methodology,2026-09-03,"Fact-check identities, affiliations, dates, primary records, and right-of-reply before publication or outreach."
outlet,KQED,KQED,Public radio / digital newsroom,Present-day California 12th Congressional District / East Bay unless otherwise noted,1,Major Bay Area public-interest newsroom with direct CA-12 election coverage.,Direct CA-12 election coverage.,https://www.kqed.org/news/12012363/lateefah-simon-leads-race-to-succeed-barbara-lee-in-californias-12th-congressional-district,https://www.kqed.org/news/staff,Direct article/source located,2026-09-03,
outlet,CBS Bay Area / KPIX,CBS Bay Area / KPIX,Television / digital newsroom,Present-day California 12th Congressional District / East Bay unless otherwise noted,1,Large local newsroom with investigative capacity and direct district coverage.,Direct CA-12 general-election coverage.,https://www.cbsnews.com/sanfrancisco/news/california-12th-congressional-district-lateefah-simon-jennifer-tran-2024-election/,,Direct article/source located,2026-09-03,
outlet,KTVU FOX 2,KTVU FOX 2,Television / digital newsroom,Present-day California 12th Congressional District / East Bay unless otherwise noted,1,East Bay-focused television newsroom with local investigative reporting.,Covered the open East Bay House seat.,https://www.ktvu.com/news/barbara-lee-house-seat-east-bay,,Direct article/source located,2026-09-03,
outlet,ABC7 Bay Area / KGO,ABC7 Bay Area / KGO,Television / digital newsroom,Present-day California 12th Congressional District / East Bay unless otherwise noted,1,Major Bay Area station with investigative unit and election coverage.,Covered 2024 California primary results including CA-12.,https://abc7news.com/post/california-election-results-2024-super-tuesday-ca-senate-race-adam-schiff/14495574/,,Direct article/source located,2026-09-03,
outlet,San Francisco Chronicle,San Francisco Chronicle,Regional newspaper,Present-day California 12th Congressional District / East Bay unless otherwise noted,1,Largest regional print newsroom; politics and investigative teams cover East Bay power.,Published CA-12 endorsement/editorial coverage.,https://www.sfchronicle.com/opinion/editorials/article/lateefah-simon-12th-district-18637606.php,https://www.sfchronicle.com/newsroom_contacts/,Direct article/source located,2026-09-03,
outlet,The Mercury News,The Mercury News,Regional newspaper,Present-day California 12th Congressional District / East Bay unless otherwise noted,1,Bay Area News Group brand with East Bay politics and courts reach.,No indexed direct report tied to present-day CA-12 or Simon was located in this pass; retain as a Bay Area News Group regional lead.,https://www.mercurynews.com/,https://www.bayareanewsgroup.com/submit-news-tip,Direct CA-12 coverage not confirmed - regional lead only,2026-09-03,Shared newsroom with East Bay Times; deduplicate syndicated copies and do not count as confirmed district coverage without a direct article.
outlet,East Bay Times,East Bay Times,Regional newspaper,Present-day California 12th Congressional District / East Bay unless otherwise noted,1,"Core daily newspaper for East Bay local government, courts, and congressional politics.",No indexed direct report tied to present-day CA-12 or Simon was located in this pass; retain as the core daily regional lead for the district.,https://www.eastbaytimes.com/,https://www.bayareanewsgroup.com/submit-news-tip,Direct CA-12 coverage not confirmed - regional lead only,2026-09-03,Do not count as confirmed district coverage without a direct article.
outlet,The Oaklandside,The Oaklandside,Nonprofit local newsroom,Present-day California 12th Congressional District / East Bay unless otherwise noted,1,Oakland-centered accountability newsroom in the heart of CA-12.,Published direct coverage of Simon's congressional campaign and subsequent work as Oakland's representative.,https://oaklandside.org/category/city-hall/page/27/,https://citysidejournalism.org/about/,Direct article/source located,2026-09-03,
outlet,Berkeleyside,Berkeleyside,Nonprofit local newsroom,Present-day California 12th Congressional District / East Bay unless otherwise noted,1,Berkeley-centered Cityside newsroom with local-government depth.,Published Cityside reporting that directly covered Rep. Simon speaking at an Oakland rally.,https://www.berkeleyside.org/2025/06/14/photos-the-no-kings-rally-in-oakland-draws-over-10000-attendees,https://citysidejournalism.org/about/,Direct article/source located,2026-09-03,Cityside content can also appear under The Oaklandside; deduplicate shared copies.
outlet,KALW,KALW,Public radio / digital newsroom,Present-day California 12th Congressional District / East Bay unless otherwise noted,1,Bay Area public radio newsroom with direct candidate coverage.,Covered Lateefah Simon's 2024 election.,https://www.kalw.org/bay-area-news/2024-11-06/lateefah-simon-poised-to-succeed-barbara-lee-in-congress,,Direct article/source located,2026-09-03,
outlet,KPFA,KPFA,Community radio,Present-day California 12th Congressional District / East Bay unless otherwise noted,1,Berkeley-based public-affairs outlet with an East Bay civic audience.,No indexed item directly tied to present-day CA-12 or Lateefah Simon was located in this pass; retain only as a Berkeley public-affairs lead.,https://kpfa.org/,,Direct CA-12 coverage not confirmed - regional lead only,2026-09-03,Do not count as a confirmed reporting outlet unless a direct broadcast or article is found.
outlet,KCBS Radio,KCBS Radio,All-news radio,Present-day California 12th Congressional District / East Bay unless otherwise noted,1,High-reach Bay Area breaking-news and politics desk.,No indexed item directly tied to present-day CA-12 or Lateefah Simon was located in this pass; retain only as a high-reach Bay Area radio lead.,https://www.audacy.com/kcbsradio,,Direct CA-12 coverage not confirmed - regional lead only,2026-09-03,Do not count as a confirmed reporting outlet unless a direct broadcast or article is found.
outlet,San Francisco Standard,San Francisco Standard,Digital local newsroom,Present-day California 12th Congressional District / East Bay unless otherwise noted,1,Bay Area politics and accountability newsroom with direct campaign coverage.,Covered Simon's congressional launch.,https://sfstandard.com/2023/02/28/bart-board-director-lateefah-simon-announces-bid-for-congress/,,Direct article/source located,2026-09-03,
outlet,Oakland Post / Post News Group,Oakland Post / Post News Group,Community newspaper network,Present-day California 12th Congressional District / East Bay unless otherwise noted,1,Longstanding Black press and Oakland civic outlet.,Covered the swearing-in of Oakland's new congresswoman.,https://www.postnewsgroup.com/vp-kamala-harris-swears-in-oaklands-new-congresswoman-lateefah-simon/,,Direct article/source located,2026-09-03,
outlet,Alameda Post,Alameda Post,Local nonprofit newsroom,Present-day California 12th Congressional District / East Bay unless otherwise noted,1,City-level newsroom inside the district.,Published candidate questionnaire/opinion material connected to the race.,https://alamedapost.com/op-ed/daysog-responds-to-questionnaire/,,Direct article/source located,2026-09-03,
outlet,Bay City News,Bay City News,Regional newswire,Present-day California 12th Congressional District / East Bay unless otherwise noted,1,Bay Area wire service whose reporting is republished across local outlets.,No indexed direct CA-12 item was located in this pass; retain as the Bay Area wire-service lead and verify downstream syndication before counting coverage.,https://baycitynews.com/,,Direct CA-12 coverage not confirmed - regional lead only,2026-09-03,Avoid counting republished wire copies as independent reports.
outlet,CalMatters,CalMatters,State politics nonprofit newsroom,Present-day California 12th Congressional District / East Bay unless otherwise noted,1,California politics and accountability specialists with Sacramento access.,Published California political reporting directly quoting Simon and maintains statewide campaign-finance reporting relevant to public accountability.,https://calmatters.org/newsletters/whatmatters/2020/06/california-newsom-police-carotid-hold-george-floyd-protests/,https://calmatters.org/about/,Direct article/source located,2026-09-03,
outlet,Los Angeles Times,Los Angeles Times,Statewide newspaper,Present-day California 12th Congressional District / East Bay unless otherwise noted,2,Statewide investigations and California politics reach.,Direct reporting profiled Simon as the front-runner for Oakland's House seat and later covered her transition into Congress.,https://www.latimes.com/california/story/2024-10-06/how-san-francisco-became-a-launching-pad-for-the-most-powerful-women-in-politics,,Direct article/source located,2026-09-03,
outlet,Sacramento Bee,Sacramento Bee,State capital newspaper,Present-day California 12th Congressional District / East Bay unless otherwise noted,2,California politics and election desk with public-records experience.,Published statewide congressional election results including CA-12.,https://media.sacbee.com/static/election2024/ca-congress-cal.html,,Direct article/source located,2026-09-03,
outlet,Capitol Weekly,Capitol Weekly,California politics publication,Present-day California 12th Congressional District / East Bay unless otherwise noted,2,Focused audience of state political professionals and insiders.,Covered Simon's launch for Lee's House seat.,https://capitolweekly.net/heir-apparent-lateefah-simon-launches-bid-for-barbara-lee-house-seat/,,Direct article/source located,2026-09-03,
outlet,SFGATE,SFGATE,Digital regional newsroom,Present-day California 12th Congressional District / East Bay unless otherwise noted,2,Large Bay Area audience and frequent East Bay political coverage.,Published a substantive profile of Simon's East Bay public service and BART role.,https://www.sfgate.com/visionsf/article/VisionSF-Spotlight-Lateefah-Simon-12495074.php,,Direct article/source located,2026-09-03,
outlet,SFist,SFist,Digital local news / blog,Present-day California 12th Congressional District / East Bay unless otherwise noted,2,Fast-moving Bay Area political and civic news site.,Covered Simon's primary lead.,https://sfist.com/2024/03/06/lateefah-simon-commands-huge-lead-in-primary-race-for-barbara-lees-house-of-representatives-seat/,,Direct article/source located,2026-09-03,
outlet,Bay Area Reporter,Bay Area Reporter,LGBTQ newspaper,Present-day California 12th Congressional District / East Bay unless otherwise noted,2,Community outlet with direct candidate and endorsement coverage.,Covered LPAC rescinding support for candidate Jennifer Tran.,https://www.ebar.com/story/151058/News/National/LPAC%20rescinds%20support%20for%20queer%20East%20Bay%20House%20candidate%20Tran,,Direct article/source located,2026-09-03,
outlet,E’ville Eye,E’ville Eye,Local news blog,Present-day California 12th Congressional District / East Bay unless otherwise noted,2,Emeryville-focused local outlet inside the district.,Published League of Women Voters candidate forum replays.,https://evilleeye.com/news-commentary/league-of-women-voters-candidate-forum-video-replays/,,Direct article/source located,2026-09-03,
outlet,Piedmont Exedra,Piedmont Exedra,Local newsroom,Present-day California 12th Congressional District / East Bay unless otherwise noted,2,Piedmont-focused outlet inside CA-12.,"Covered Barbara Lee's Senate announcement, creating the House opening.",https://piedmontexedra.com/2023/02/barbara-lee-announces-us-senate-bid,,Direct article/source located,2026-09-03,
outlet,San Leandro Times,San Leandro Times,Local newspaper,Present-day California 12th Congressional District / East Bay unless otherwise noted,2,Covers a major city partly within current CA-12.,Archived 2024 issue identified during district research.,https://0201.nccdn.net/4_2/000/000/081/4ce/january-25--2024.pdf,,Direct article/source located,2026-09-03,
outlet,Berkeley Daily Planet,Berkeley Daily Planet,Local newspaper / commentary site,Present-day California 12th Congressional District / East Bay unless otherwise noted,2,Berkeley civic and political audience.,Published a February 2024 issue containing race-related material.,https://www.berkeleydailyplanet.com/issue/2024-02-11/full_text,,Direct article/source located,2026-09-03,
outlet,The Daily Californian,The Daily Californian,Student newspaper,Present-day California 12th Congressional District / East Bay unless otherwise noted,2,UC Berkeley newsroom with local and youth political reach.,Published a candidate project connected to the district.,https://dailycal-projects.netlify.app/2026-08-19-candidate/,,Direct article/source located,2026-09-03,
outlet,Oakland Voices,Oakland Voices,Community journalism outlet,Present-day California 12th Congressional District / East Bay unless otherwise noted,2,Community-rooted Oakland coverage and contributor network.,Profiled new congresswoman Lateefah Simon.,https://oaklandvoices.us/2025/01/29/new-congresswoman-lateefah-simon/,,Direct article/source located,2026-09-03,
outlet,Patch,Patch,Hyperlocal news network,Present-day California 12th Congressional District / East Bay unless otherwise noted,2,Local audience and neighborhood distribution across East Bay communities.,Covered Simon and Tran competing for the seat.,https://patch.com/california/berkeley/democrats-lateefah-simon-dr-jennifer-tran-vying-congressional-seat-long-held-rep,,Direct article/source located,2026-09-03,
outlet,Axios San Francisco,Axios San Francisco,Local newsletter / digital newsroom,Present-day California 12th Congressional District / East Bay unless otherwise noted,2,Concise Bay Area political briefing read by civic decision-makers.,Covered Bay Area election outcomes.,https://www.axios.com/local/san-francisco/2024/11/07/elections-bay-area-liccardo-thao-price,,Direct article/source located,2026-09-03,
outlet,Associated Press,Associated Press,National newswire,Present-day California 12th Congressional District / East Bay unless otherwise noted,2,High amplification potential for documented congressional accountability findings.,Published coverage of the race/open seat.,https://apnews.com/article/e577bac24ea84b8eb080977aaa18fc88,,Direct article/source located,2026-09-03,Newswire copies should be deduplicated.
outlet,The Washington Post,The Washington Post,National newspaper,Present-day California 12th Congressional District / East Bay unless otherwise noted,2,Congressional accountability and investigative reporting capacity.,Published CA-12 election-results page.,https://www.washingtonpost.com/elections/results/2024/11/05/california-house-district-12/,,Direct article/source located,2026-09-03,
outlet,The New York Times,The New York Times,National newspaper,Present-day California 12th Congressional District / East Bay unless otherwise noted,2,National political and investigative reach.,"No indexed direct report on present-day CA-12 or Simon was located in this pass; retain for national investigative capacity, not as confirmed district coverage.",https://www.nytimes.com/,,Direct CA-12 coverage not confirmed - subject lead only,2026-09-03,Do not count as a confirmed reporting outlet unless a direct article is found.
outlet,NPR,NPR,National public radio / digital,Present-day California 12th Congressional District / East Bay unless otherwise noted,2,National public-service newsroom with California member-station network.,Included California congressional results.,https://apps.npr.org/2024-election-results/california.html,,Direct article/source located,2026-09-03,
outlet,NBC News / NBC BLK,NBC News / NBC BLK,National television / digital,Present-day California 12th Congressional District / East Bay unless otherwise noted,2,National politics and Black public-life audience.,Profile coverage was identified via a Yahoo-hosted NBC story.,https://www.yahoo.com/news/meet-woman-rep-barbara-lee-110000792.html,,Direct syndicated article located,2026-09-03,Verify original NBC canonical URL before outreach.
outlet,CBS News national,CBS News national,National television / digital,Present-day California 12th Congressional District / East Bay unless otherwise noted,2,National Congress desk and investigative capacity.,Included Simon among new members of the 119th Congress.,https://www.cbsnews.com/amp/news/119-congress-new-members/,,Direct article/source located,2026-09-03,
outlet,The Hill,The Hill,Congressional trade publication,Present-day California 12th Congressional District / East Bay unless otherwise noted,2,Congress-focused readership and ethics reporting.,The Hill/DDHQ published a dedicated 2024 CA-12 forecast with candidates and campaign-finance figures.,https://elections2024.thehill.com/forecast/2024/house/california-12/,,Direct article/source located,2026-09-03,
outlet,Politico / E&E News,Politico / E&E News,Political and policy newsroom,Present-day California 12th Congressional District / East Bay unless otherwise noted,2,"Congress, influence, and policy specialists.",E&E covered the California Democrat and Green New Deal.,https://www.eenews.net/articles/california-democrat-looks-to-advance-green-new-deal/,,Direct article/source located,2026-09-03,
outlet,Mother Jones,Mother Jones,Investigative magazine,Present-day California 12th Congressional District / East Bay unless otherwise noted,2,National investigative outlet with Bay Area roots.,No indexed direct report on present-day CA-12 or Simon was located in this pass; retain for investigative subject fit and Bay Area roots.,https://www.motherjones.com/,,Direct CA-12 coverage not confirmed - subject lead only,2026-09-03,Do not count as a confirmed reporting outlet unless a direct article is found.
outlet,The Nation,The Nation,Political magazine,Present-day California 12th Congressional District / East Bay unless otherwise noted,3,Progressive national audience and congressional accountability interest.,Published multiple direct reports and interviews about Rep. Lateefah Simon's congressional activity.,https://www.thenation.com/article/politics/lateefah-simon-wfp-2025-response/,,Direct article/source located,2026-09-03,
outlet,Essence,Essence,Magazine / digital outlet,Present-day California 12th Congressional District / East Bay unless otherwise noted,3,National Black audience and public-leadership coverage.,Covered Simon as Barbara Lee's endorsed successor and later identified her as CA-12's representative.,https://www.essence.com/news/black-women-in-politics-congresswoman-barbara-lee-helped-break-the-mold/,,Direct article/source located,2026-09-03,
outlet,Fox News,Fox News,National television / digital,Present-day California 12th Congressional District / East Bay unless otherwise noted,3,National amplification and partisan political coverage.,Covered PAC support and policy positions in the race.,https://www.foxnews.com/politics/progressive-caucus-pac-backs-candidate-who-signed-black-new-deal-demanding-reparations,,Direct article/source located,2026-09-03,
outlet,Washington Examiner,Washington Examiner,National political outlet,Present-day California 12th Congressional District / East Bay unless otherwise noted,3,National conservative political audience.,Covered Gavin Newsom's endorsement in the race.,https://www.washingtonexaminer.com/news/2441101/gavin-newsom-endorses-lateefah-simon-in-race-to-fill-barbara-lees-house-seat/,,Direct article/source located,2026-09-03,
outlet,UPI,UPI,National wire service,Present-day California 12th Congressional District / East Bay unless otherwise noted,3,National syndication and breaking-news reach.,Covered Barbara Lee's Senate candidacy and resulting vacancy.,https://www.upi.com/Top_News/US/2023/02/21/california-rep-barbara-lee-senate-candidacy-replace-dianne-Fienstein/9521677000600/,,Direct article/source located,2026-09-03,
outlet,The Muslim News,The Muslim News,Community / international news outlet,Present-day California 12th Congressional District / East Bay unless otherwise noted,3,Audience relevance to candidate identity and civil-rights issues.,Published a dedicated report on Simon winning California's 12th District and becoming the state's first Muslim congresswoman.,https://muslimnews.co.uk/newspaper/elections/lateefah-makes-history-as-californias-first-muslim-congresswoman-as-muslim-reps-thrive-despite-democratic-loss/,,Direct article/source located,2026-09-03,
outlet,Blavity News,Blavity News,Black digital media outlet,Present-day California 12th Congressional District / East Bay unless otherwise noted,3,National Black millennial audience and political coverage.,Published a dedicated report on Simon's work in Congress and earlier reporting on her East Bay public role.,https://blavity.com/ateefah-simon-slams-gop-colleague-mlk-quote,,Direct article/source located,2026-09-03,
outlet,Dawn,Dawn,International newspaper,Present-day California 12th Congressional District / East Bay unless otherwise noted,3,International reach and diaspora audience.,Published a direct report on Simon winning California's 12th District.,https://www.dawn.com/news/1871212,,Direct article/source located,2026-09-03,
outlet,AboutIslam,AboutIslam,Community digital outlet,Present-day California 12th Congressional District / East Bay unless otherwise noted,3,Community audience relevant to representative profile coverage.,Published a direct report identifying Simon as the newly elected representative for California's 12th District.,https://aboutislam.net/muslim-issues/n-america/muslim-representatives-make-historic-gains-in-congress/,,Direct article/source located,2026-09-03,
outlet,State Affairs,State Affairs,State politics publication,Present-day California 12th Congressional District / East Bay unless otherwise noted,3,Government and policy professional audience.,Published California political coverage discussing Simon as the East Bay member who moved from the BART board to Congress.,https://cms.stateaffairs.com/tag/california-legislature/page/2/,,Direct mention/source located,2026-09-03,
outlet,The Well News,The Well News,Digital news outlet,Present-day California 12th Congressional District / East Bay unless otherwise noted,3,Political news and commentary distribution.,Published a dedicated CA-12 candidate profile of Simon and congressional staff directories tied to the district.,https://www.thewellnews.com/2024-elections/new-members-to-watch-in-2025/ca-12-lateefah-simon-d/,,Direct article/source located,2026-09-03,
outlet,National Hog Farmer,National Hog Farmer,Trade publication,Present-day California 12th Congressional District / East Bay unless otherwise noted,3,Potential downstream syndication/mention rather than core accountability target.,Published direct reports on Simon's congressional leadership opposing federal preemption of California Proposition 12.,https://www.nationalhogfarmer.com/farming-business-management/save-our-bacon-act-draws-more-congressional-opposition,,Direct article/source located,2026-09-03,
outlet,The Town Hall News,The Town Hall News,East Bay local news outlet,Present-day California 12th Congressional District / East Bay unless otherwise noted,2,San Leandro/East Bay civic coverage.,Published East Bay leaders' comments on the federal shutdown.,https://thetownhall.news/san-leandro/east-bay-leaders-sound-alarm-this-is-a-republican-shutdown-as-federal-crisis-enters-fourth-week/,,Direct article/source located,2026-09-03,
outlet,University of San Francisco News,University of San Francisco News,University news outlet,Present-day California 12th Congressional District / East Bay unless otherwise noted,3,Institutional profile coverage and Bay Area audience.,Published a story on Simon's election to Congress.,https://www.usfca.edu/news/Lateefah-Simon-elected-congress,,Direct article/source located,2026-09-03,
outlet,The Imprint,The Imprint,Child welfare / social policy newsroom,Present-day California 12th Congressional District / East Bay unless otherwise noted,3,Specialist accountability outlet relevant to Simon's public-service background.,Published a long-form candidate profile.,https://imprintnews.org/top-stories/congressional-candidate-wants-to-create-a-place-for-young-women-to-dream-to-fight-and-to-just-be/248299,,Direct article/source located,2026-09-03,
outlet,Lee Fang newsletter,Lee Fang newsletter,Independent investigative newsletter,Present-day California 12th Congressional District / East Bay unless otherwise noted,2,Independent Bay Area investigative reporting on money and influence.,Published analysis of California elites and the race.,https://www.leefang.com/p/californias-moneyed-elite-select,,Direct article/source located,2026-09-03,
outlet,El País,El País,International newspaper,Present-day California 12th Congressional District / East Bay unless otherwise noted,3,Spanish-language international reach.,Included California and CA-12 election results/context.,https://elpais.com/us/2024-11-06/resultado-de-las-elecciones-en-california-kamala-harris-gana-sin-sorpresas.html,,Direct article/source located,2026-09-03,
person,Ryan Gabrielson,San Francisco Chronicle,Investigative Editor,Bay Area investigative and political reporting,1,"Local knowledge, source networks, and ability to verify East Bay records.",The Chronicle's current newsroom announcement says he leads investigations that challenge authority and expose corruption.,https://www.sfchronicle.com/about/newsroomnews/article/ryan-gabrielson-investigative-editor-chronicle-19978815.php,https://www.sfchronicle.com/newsroom_contacts/,Current role verified from public source,2026-09-03,Role/profile verified; interest in any specific allegation has not been inferred.
person,Sophia Bollag,San Francisco Chronicle,"Politics Reporter, Sacramento",Bay Area investigative and political reporting,1,"Local knowledge, source networks, and ability to verify East Bay records.",Official author page identifies her as a Sacramento politics reporter covering California government and accountability.,https://www.sfchronicle.com/author/sophia-bollag/,https://www.sfchronicle.com/author/sophia-bollag/,Current role verified from public source,2026-09-03,Role/profile verified; interest in any specific allegation has not been inferred.
person,Alexei Koseff,The Washington Post,Congress accountability and enterprise reporter,Bay Area investigative and political reporting,1,"Local knowledge, source networks, and ability to verify East Bay records.",Official author page says he focuses on Congress accountability and enterprise stories and accepts confidential tips via Signal.,https://www.washingtonpost.com/people/alexei-koseff/,https://www.washingtonpost.com/people/alexei-koseff/,Current role verified from public source,2026-09-03,Role/profile verified; interest in any specific allegation has not been inferred.
person,Joe Garofoli,San Francisco Chronicle,Senior Political Writer,Bay Area investigative and political reporting,1,"Local knowledge, source networks, and ability to verify East Bay records.",Current Chronicle author page identifies him as senior political writer covering national and state politics.,https://www.sfchronicle.com/author/joe-garofoli/,https://www.sfchronicle.com/newsroom_contacts/,Current role verified from public source,2026-09-03,Role/profile verified; interest in any specific allegation has not been inferred.
person,Shira Stein,San Francisco Chronicle,Washington correspondent,Bay Area investigative and political reporting,1,"Local knowledge, source networks, and ability to verify East Bay records.","Official author page says she covers California's role in national politics, Congress, and federal policy.",https://www.sfchronicle.com/author/shira-stein/,https://www.sfchronicle.com/author/shira-stein/,Current role verified from public source,2026-09-03,Role/profile verified; interest in any specific allegation has not been inferred.
person,Darwin BondGraham,The Oaklandside / Cityside,"News Editor, The Oaklandside",Bay Area investigative and political reporting,1,"Local knowledge, source networks, and ability to verify East Bay records.",Cityside's current newsroom directory lists BondGraham as The Oaklandside news editor.,https://citysidejournalism.org/about/,https://citysidejournalism.org/about/,Current role verified from public source,2026-09-03,Role/profile verified; interest in any specific allegation has not been inferred.
person,Eli Wolfe,The Oaklandside / Cityside,City Hall reporter,Bay Area investigative and political reporting,1,"Local knowledge, source networks, and ability to verify East Bay records.",Cityside's current newsroom directory lists Wolfe as The Oaklandside's City Hall reporter.,https://citysidejournalism.org/about/,https://citysidejournalism.org/about/,Current role verified from public source,2026-09-03,Role/profile verified; interest in any specific allegation has not been inferred.
person,Tasneem Raja,Cityside / The Oaklandside,"Chief Strategy Officer, Cityside; Editor-in-Chief, The Oaklandside",Bay Area investigative and political reporting,1,"Local knowledge, source networks, and ability to verify East Bay records.",Cityside's current newsroom directory lists both leadership roles.,https://citysidejournalism.org/about/,https://citysidejournalism.org/about/,Current role verified from public source,2026-09-03,Role/profile verified; interest in any specific allegation has not been inferred.
person,Esther Kaplan,The Oaklandside / Cityside,"Deputy Editor, The Oaklandside",Bay Area investigative and political reporting,1,"Local knowledge, source networks, and ability to verify East Bay records.",Cityside's current newsroom directory lists Kaplan as deputy editor; her public post describes investigative-collaboration work across Cityside.,https://citysidejournalism.org/about/,https://citysidejournalism.org/about/,Current role verified from public source,2026-09-03,Role/profile verified; interest in any specific allegation has not been inferred.
person,Jakob Rodgers,Bay Area News Group / East Bay Times / The Mercury News,Senior breaking news reporter,Bay Area investigative and political reporting,1,"Local knowledge, source networks, and ability to verify East Bay records.",Current public journalist profile lists East Bay Times and Mercury News breaking-news roles.,https://muckrack.com/jakob-rodgers,https://muckrack.com/jakob-rodgers,Current role verified from public source,2026-09-03,Role/profile verified; interest in any specific allegation has not been inferred.
person,Shomik Mukherjee,San Francisco Business Times,East Bay reporter,Bay Area investigative and political reporting,1,"Local knowledge, source networks, and ability to verify East Bay records.",Current outlet bio says he covers business in Alameda and Contra Costa counties and previously covered Oakland for the East Bay Times.,https://www.bizjournals.com/sanfrancisco/bio/45446/Shomik%2BMukherjee,https://www.bizjournals.com/sanfrancisco/bio/45446/Shomik%2BMukherjee,Current role verified from public source,2026-09-03,Role/profile verified; interest in any specific allegation has not been inferred.
person,Nate Gartrell,East Bay Times / Bay Area News Group,State and federal courts reporter,Bay Area investigative and political reporting,1,"Local knowledge, source networks, and ability to verify East Bay records.",Current public journalist profile identifies him as the East Bay Times courts reporter; current East Bay Times project materials also list him as a reporter.,https://muckrack.com/nate-gartrell,https://www.bayareanewsgroup.com/submit-news-tip,Current role verified from public source,2026-09-03,Role/profile verified; interest in any specific allegation has not been inferred.
person,Scott Shafer,KQED,"Senior editor, Politics and Government; co-host, Political Breakdown",Bay Area investigative and political reporting,1,"Local knowledge, source networks, and ability to verify East Bay records.","KQED's current staff page lists his politics editing, reporting, hosting, and analysis responsibilities.",https://www.kqed.org/news/staff,https://www.kqed.org/news/staff,Current role verified from public source,2026-09-03,Role/profile verified; interest in any specific allegation has not been inferred.
person,Marisa Lagos,KQED,"California Politics and Government correspondent; co-host, Political Breakdown",Bay Area investigative and political reporting,1,"Local knowledge, source networks, and ability to verify East Bay records.","KQED's current staff page says she reports, analyzes, and investigates state, local, and national politics.",https://www.kqed.org/news/staff,https://www.kqed.org/news/staff,Current role verified from public source,2026-09-03,Role/profile verified; interest in any specific allegation has not been inferred.
person,Molly Solomon,KQED,"Senior Editor, California Politics and Government",Bay Area investigative and political reporting,1,"Local knowledge, source networks, and ability to verify East Bay records.",KQED's current staff page identifies her as the senior editor leading its California politics and government desk.,https://www.kqed.org/news/staff,https://www.kqed.org/news/staff,Current role verified from public source,2026-09-03,Role/profile verified; interest in any specific allegation has not been inferred.
person,Annelise Finney,KQED,Politics reporter,Bay Area investigative and political reporting,1,"Local knowledge, source networks, and ability to verify East Bay records.",KQED's direct CA-12 election report carries Finney's byline and demonstrates district-specific reporting.,https://www.kqed.org/news/12012363/lateefah-simon-leads-race-to-succeed-barbara-lee-in-californias-12th-congressional-district,https://www.kqed.org/news/12012363/lateefah-simon-leads-race-to-succeed-barbara-lee-in-californias-12th-congressional-district,Current role verified from public source,2026-09-03,Role/profile verified; interest in any specific allegation has not been inferred.
person,Greg Lee,KTVU FOX 2,Anchor and Political Reporter,Bay Area investigative and political reporting,1,"Local knowledge, source networks, and ability to verify East Bay records.",KTVU's current profile identifies him as an anchor and political reporter and shows recent congressional accountability reporting.,https://www.ktvu.com/person/l/greg-lee,https://www.ktvu.com/person/l/greg-lee,Current role verified from public source,2026-09-03,Role/profile verified; interest in any specific allegation has not been inferred.
person,Amber Lee,KTVU FOX 2,Reporter,Bay Area investigative and political reporting,1,"Local knowledge, source networks, and ability to verify East Bay records.",KTVU's direct interview with Simon is reported by Amber Lee and demonstrates district-specific coverage.,https://www.ktvu.com/news/east-bay-congresswoman-elect-lateefah-simon-how-she-will-work-republican-controlled-congress,https://www.ktvu.com/news/east-bay-congresswoman-elect-lateefah-simon-how-she-will-work-republican-controlled-congress,Current role verified from public source,2026-09-03,Role/profile verified; interest in any specific allegation has not been inferred.
person,Stephanie Sierra,ABC7 Bay Area / KGO,"Investigative reporter, I-Team",Bay Area investigative and political reporting,1,"Local knowledge, source networks, and ability to verify East Bay records.","Official ABC7 profile says she investigates fraud, corruption, abuse of power, and taxpayer money and publishes a direct story-contact route.",https://abc7news.com/about/newsteam/stephanie-sierra/,https://abc7news.com/about/newsteam/stephanie-sierra/,Current role verified from public source,2026-09-03,Role/profile verified; interest in any specific allegation has not been inferred.
person,Candice Nguyen,Bay Area / California newsrooms,"Reporter, editor, producer, or investigative journalist",Bay Area investigative and political reporting,1,"Local knowledge, source networks, and ability to verify East Bay records.","Public profile, byline, staff page, or relevant work located.",https://www.candicen.com/,https://www.candicen.com/,Public source located - re-check current affiliation,2026-09-03,"Do not infer interest, endorsement, or wrongdoing. Personalize any outreach using current work and public contact preferences."
person,Julie Watts,CBS News California Investigates,Investigative correspondent covering California,Bay Area investigative and political reporting,1,"Local knowledge, source networks, and ability to verify East Bay records.","Official CBS profile says she leads statewide accountability investigations into lawmakers, agencies, and power structures.",https://www.cbsnews.com/sacramento/personality/julie-watts/,https://www.cbsnews.com/sacramento/personality/julie-watts/,Current role verified from public source,2026-09-03,Role/profile verified; interest in any specific allegation has not been inferred.
person,Da Lin,KPIX / CBS Bay Area,General-assignment reporter,Bay Area investigative and political reporting,1,"Local knowledge, source networks, and ability to verify East Bay records.",KPIX's current team page lists Da Lin among its reporters and provides the station tip route.,https://www.cbsnews.com/sanfrancisco/kpix5/,https://www.cbsnews.com/sanfrancisco/kpix5/,Current role verified from public source,2026-09-03,Role/profile verified; interest in any specific allegation has not been inferred.
person,Steve Tavares,East Bay Insiders,Independent East Bay political reporter and newsletter publisher,Bay Area investigative and political reporting,1,"Local knowledge, source networks, and ability to verify East Bay records.",Current newsletter byline demonstrates active East Bay political reporting.,https://eastbayinsiders.substack.com/p/squeeze-play,https://eastbayinsiders.substack.com/p/squeeze-play,Current role verified from public source,2026-09-03,Role/profile verified; interest in any specific allegation has not been inferred.
person,Lee Fang,Independent / Lee Fang newsletter,Investigative journalist and newsletter publisher,Bay Area investigative and political reporting,1,"Local knowledge, source networks, and ability to verify East Bay records.","Current public biography and newsletter archive document reporting on money, influence, politics, and California power.",https://www.leefang.com/about,https://www.leefang.com/about,Current role verified from public source,2026-09-03,Role/profile verified; interest in any specific allegation has not been inferred.
person,Corey G. Johnson,ProPublica,Investigative reporter covering conflicts of interest and corruption,Bay Area investigative and political reporting,1,"Local knowledge, source networks, and ability to verify East Bay records.",Current ProPublica profile explicitly solicits tips about ethical conflicts and misdeeds and states his corruption beat.,https://www.propublica.org/people/corey-johnson,https://www.propublica.org/people/corey-johnson,Current role verified from public source,2026-09-03,Role/profile verified; interest in any specific allegation has not been inferred.
person,Gabe Kaminsky,CBS News,Investigative reporter covering money and influence in politics,Bay Area investigative and political reporting,1,"Local knowledge, source networks, and ability to verify East Bay records.","Official CBS profile identifies his campaign-finance, lobbying, nonprofit-influence, and money-in-politics beat.",https://www.cbsnews.com/team/gabe-kaminsky/,https://www.cbsnews.com/team/gabe-kaminsky/,Current role verified from public source,2026-09-03,Role/profile verified; interest in any specific allegation has not been inferred.
person,Nisa Khan,KQED,Audience News Desk reporter / KQED contributor,East Bay local news and civic accountability,1,Direct geographic connection and familiarity with East Bay institutions and audiences.,Official KQED author page identifies her as an Audience News Desk reporter.,https://www.kqed.org/author/nkhan/,https://www.kqed.org/author/nkhan/,Current role verified from public source,2026-09-03,Role/profile verified; interest in any specific allegation has not been inferred.
person,Joe Fitzgerald Rodriguez,KQED,Politics reporter and digital producer,East Bay local news and civic accountability,1,Direct geographic connection and familiarity with East Bay institutions and audiences.,Official KQED author page says he reports and produces politics coverage.,https://www.kqed.org/author/jrodriguez,https://www.kqed.org/author/jrodriguez,Current role verified from public source,2026-09-03,Role/profile verified; interest in any specific allegation has not been inferred.
person,Guy Marzorati,KQED,California Politics and Government correspondent,East Bay local news and civic accountability,1,Direct geographic connection and familiarity with East Bay institutions and audiences.,Official KQED profile says he covers state and local politics and produces the voter guide.,https://www.kqed.org/author/gmarzorati,https://www.kqed.org/author/gmarzorati,Current role verified from public source,2026-09-03,Role/profile verified; interest in any specific allegation has not been inferred.
person,Lisa Pickoff-White,UC Berkeley Investigative Reporting Program / California Reporting Project,Director of Research,East Bay local news and civic accountability,1,Direct geographic connection and familiarity with East Bay institutions and audiences.,Official Berkeley Journalism profile says she leads research using police use-of-force and misconduct records to drive reporting.,https://journalism.berkeley.edu/person/lisa_pickoff_white/,https://journalism.berkeley.edu/person/lisa_pickoff_white/,Current role verified from public source,2026-09-03,Role/profile verified; interest in any specific allegation has not been inferred.
person,Monica Lam,Independent,"Freelance reporter, producer, and editor; former KQED senior producer",East Bay local news and civic accountability,1,Direct geographic connection and familiarity with East Bay institutions and audiences.,Her public professional site describes a decade at KQED and investigative work at the Center for Investigative Reporting.,https://www.monicazlam.com/contact,https://www.monicazlam.com/contact,Current role verified from public source,2026-09-03,Role/profile verified; interest in any specific allegation has not been inferred.
person,Ericka Cruz Guevarra,KQED,"Host and producer, The Bay podcast",East Bay local news and civic accountability,1,Direct geographic connection and familiarity with East Bay institutions and audiences.,Official KQED profile identifies her as host of The Bay and credits award-winning reported work.,https://www.kqed.org/author/ecruzguevarra,https://www.kqed.org/author/ecruzguevarra,Current role verified from public source,2026-09-03,Role/profile verified; interest in any specific allegation has not been inferred.
person,Priya David Clemens,Independent; formerly KQED Newsroom,Journalist and former KQED Newsroom host,East Bay local news and civic accountability,3,Direct geographic connection and familiarity with East Bay institutions and audiences.,Her professional site documents extensive political interviewing; KQED's program page identifies a June 2023 finale.,https://www.kqed.org/kqednewsroom,https://priyaclemens.com/,Historical role verified - current affiliation requires confirmation,2026-09-03,Treat as an independent media lead unless a current outlet affiliation is confirmed.
person,Dave Pehling,CBS Bay Area,Website managing editor,East Bay local news and civic accountability,1,Direct geographic connection and familiarity with East Bay institutions and audiences.,Official CBS profile identifies him as the Bay Area website managing editor.,https://www.cbsnews.com/team/dave-pehling/,https://www.cbsnews.com/team/dave-pehling/,Current role verified from public source,2026-09-03,Role/profile verified; interest in any specific allegation has not been inferred.
person,Kelsi Thorud,KPIX / CBS Bay Area,Reporter,East Bay local news and civic accountability,1,Direct geographic connection and familiarity with East Bay institutions and audiences.,Current CBS Bay Area pages carry her reported video segments; public professional profile lists KPIX.,https://www.cbsnews.com/sanfrancisco/,https://www.cbsnews.com/sanfrancisco/,Current role verified from public source,2026-09-03,Current outlet work verified; use the newsroom route because no official individual bio page was located.
person,Cristina Rendon,KTVU FOX 2,"Anchor, reporter, and host",East Bay local news and civic accountability,1,Direct geographic connection and familiarity with East Bay institutions and audiences.,"KTVU's current personalities page lists Rendon; her public professional profile describes anchor, reporter, and host duties.",https://www.ktvu.com/ktvu-station,https://www.ktvu.com/ktvu-station,Current role verified from public source,2026-09-03,Role/profile verified; interest in any specific allegation has not been inferred.
person,Henry Lee,KTVU FOX 2,Crime reporter,East Bay local news and civic accountability,1,Direct geographic connection and familiarity with East Bay institutions and audiences.,Official KTVU profile identifies him as a crime reporter and documents extensive Bay Area courts and public-safety coverage.,https://www.ktvu.com/person/l/henry-lee,https://www.ktvu.com/person/l/henry-lee,Current role verified from public source,2026-09-03,Role/profile verified; interest in any specific allegation has not been inferred.
person,Bigad Shaban,NBC Bay Area,Investigative reporter,East Bay local news and civic accountability,1,Direct geographic connection and familiarity with East Bay institutions and audiences.,Official NBC Bay Area bio identifies him as an investigative reporter whose work prompted hearings and policy changes.,https://www.nbcbayarea.com/author/bigad-shaban/,https://www.nbcbayarea.com/contact-us,Current role verified from public source,2026-09-03,Role/profile verified; interest in any specific allegation has not been inferred.
person,Andie Judson,KING 5 Seattle,Investigative reporter,East Bay local news and civic accountability,3,Direct geographic connection and familiarity with East Bay institutions and audiences.,Current public journalist profile lists Judson as a KING 5 investigative reporter; her California investigations remain relevant background.,https://muckrack.com/andie-judson,https://www.king5.com/,Current role verified from public source,2026-09-03,Now based in Seattle; lower geographic priority despite strong investigative credentials and prior California reporting.
person,Joe Kukura,SFist,Former associate editor and political correspondent,East Bay local news and civic accountability,Do not contact,Direct geographic connection and familiarity with East Bay institutions and audiences.,SFist reports that Kukura died in March 2026; retain only as a historical coverage reference.,https://sfist.com/2026/03/13/joe-kukura-lover-of-san-francisco-longtime-voice-on-sfist-dies-at-55/,,Deceased - historical reference only,2026-09-03,Removed from active outreach consideration. Do not contact or treat as a current media lead.
person,Matthew S. Bajko,Bay Area Reporter,Assistant editor and political columnist,East Bay local news and civic accountability,1,Direct geographic connection and familiarity with East Bay institutions and audiences.,Current outlet archive shows continuing 2026 political reporting and identifies his byline.,https://www.ebar.com/search/1?advancedSearch=1&author=1&searchBox=Matthew+S.+Bajko&search_for=exact+phrase,https://www.ebar.com/search/1?advancedSearch=1&author=1&searchBox=Matthew+S.+Bajko&search_for=exact+phrase,Current role verified from public source,2026-09-03,Role/profile verified; interest in any specific allegation has not been inferred.
person,Kris Ankarlo,KCBS Radio,Anchor and reporter,East Bay local news and civic accountability,1,Direct geographic connection and familiarity with East Bay institutions and audiences.,"Public professional resume lists KCBS anchor/reporter work focused on politics, transportation, climate, and breaking news.",https://krisankarlo.com/wp-content/uploads/2024/06/resume-june-2023.pdf,https://krisankarlo.com/,Current role verified from public source,2026-09-03,Role is supported by a public resume; re-check the current KCBS staff roster before outreach.
person,Keith Burbank,Bay City News / Local News Matters,Alameda County and Oakland reporter,East Bay local news and civic accountability,1,Direct geographic connection and familiarity with East Bay institutions and audiences.,Official author archive identifies him as a full-time reporter covering Alameda County and Oakland.,https://localnewsmatters.org/author/keith-burbank/,https://www.baycitynews.com/,Current role verified from public source,2026-09-03,Role/profile verified; interest in any specific allegation has not been inferred.
person,Zac Farber,Berkeleyside / Cityside,"Editor-in-Chief, Berkeleyside",East Bay local news and civic accountability,1,Direct geographic connection and familiarity with East Bay institutions and audiences.,Cityside's current directory lists Farber as Berkeleyside editor-in-chief; his professional site emphasizes accountability editing.,https://citysidejournalism.org/about/,https://zacfarber.com/,Current role verified from public source,2026-09-03,Role/profile verified; interest in any specific allegation has not been inferred.
person,Nico Savidge,Berkeleyside / Cityside,"News Editor, Berkeleyside",East Bay local news and civic accountability,1,Direct geographic connection and familiarity with East Bay institutions and audiences.,Cityside's current newsroom directory lists Savidge as Berkeleyside news editor.,https://citysidejournalism.org/about/,https://richmondside.org/author/nico-savidge/,Current role verified from public source,2026-09-03,Role/profile verified; interest in any specific allegation has not been inferred.
person,Alex Gecan,Berkeleyside / Cityside,Senior public safety reporter,East Bay local news and civic accountability,1,Direct geographic connection and familiarity with East Bay institutions and audiences.,Cityside's current newsroom directory lists Gecan as Berkeleyside's senior public-safety reporter.,https://citysidejournalism.org/about/,https://citysidejournalism.org/about/,Current role verified from public source,2026-09-03,Role/profile verified; interest in any specific allegation has not been inferred.
person,Roselyn Romero,The Oaklandside / Cityside,Small business reporter,East Bay local news and civic accountability,1,Direct geographic connection and familiarity with East Bay institutions and audiences.,Cityside's current newsroom directory lists Romero as The Oaklandside's small-business reporter.,https://citysidejournalism.org/about/,https://citysidejournalism.org/about/,Current role verified from public source,2026-09-03,Role/profile verified; interest in any specific allegation has not been inferred.
person,Natalie Orenstein,The Oaklandside / Cityside,Senior housing and homelessness reporter,East Bay local news and civic accountability,1,Direct geographic connection and familiarity with East Bay institutions and audiences.,Cityside's current newsroom directory lists Orenstein as the senior housing and homelessness reporter.,https://citysidejournalism.org/about/,https://citysidejournalism.org/about/,Current role verified from public source,2026-09-03,Role/profile verified; interest in any specific allegation has not been inferred.
person,Sean S. Reinhart,East Bay local and regional outlets,"Reporter, editor, blogger, producer, or local-news leader",East Bay local news and civic accountability,1,Direct geographic connection and familiarity with East Bay institutions and audiences.,"Public profile, byline, staff page, or relevant work located.",https://www.oaklandreport.org/p/sean-reinhart-our-new-managing-editor,https://www.oaklandreport.org/p/sean-reinhart-our-new-managing-editor,Public source located - re-check current affiliation,2026-09-03,"Do not infer interest, endorsement, or wrongdoing. Personalize any outreach using current work and public contact preferences."
person,Susan J. Bassi,East Bay local and regional outlets,"Reporter, editor, blogger, producer, or local-news leader",East Bay local news and civic accountability,1,Direct geographic connection and familiarity with East Bay institutions and audiences.,"Public profile, byline, staff page, or relevant work located.",https://www.susanjbassi.com/,https://www.susanjbassi.com/,Public source located - re-check current affiliation,2026-09-03,"Do not infer interest, endorsement, or wrongdoing. Personalize any outreach using current work and public contact preferences."
person,Tim Redmond,East Bay local and regional outlets,"Reporter, editor, blogger, producer, or local-news leader",East Bay local news and civic accountability,1,Direct geographic connection and familiarity with East Bay institutions and audiences.,"Public profile, byline, staff page, or relevant work located.",https://48hills.org/author/tim/,https://48hills.org/author/tim/,Public source located - re-check current affiliation,2026-09-03,"Do not infer interest, endorsement, or wrongdoing. Personalize any outreach using current work and public contact preferences."
person,Susan Crabtree,East Bay local and regional outlets,"Reporter, editor, blogger, producer, or local-news leader",East Bay local news and civic accountability,1,Direct geographic connection and familiarity with East Bay institutions and audiences.,"Public profile, byline, staff page, or relevant work located.",https://www.realclearpolitics.com/video/2026/04/16/on_background_23_california_is_a_cauldron_of_corruption.html,https://www.realclearpolitics.com/video/2026/04/16/on_background_23_california_is_a_cauldron_of_corruption.html,Public source located - re-check current affiliation,2026-09-03,"Do not infer interest, endorsement, or wrongdoing. Personalize any outreach using current work and public contact preferences."
person,Gil Duran,The Nerd Reich / FrameLab,"Independent California journalist, writer, and newsletter founder",East Bay local news and civic accountability,1,Direct geographic connection and familiarity with East Bay institutions and audiences.,His current professional site identifies him as a California journalist and links his political newsletters and public contact route.,https://www.gilduran.com/,https://www.gilduran.com/,Current role verified from public source,2026-09-03,Role/profile verified; interest in any specific allegation has not been inferred.
person,Kate Wolffe,East Bay local and regional outlets,"Reporter, editor, blogger, producer, or local-news leader",East Bay local news and civic accountability,1,Direct geographic connection and familiarity with East Bay institutions and audiences.,"Public profile, byline, staff page, or relevant work located.",https://calmatters.org/author/kate-wolffe/,https://calmatters.org/author/kate-wolffe/,Public source located - re-check current affiliation,2026-09-03,"Do not infer interest, endorsement, or wrongdoing. Personalize any outreach using current work and public contact preferences."
person,Lynn La,East Bay local and regional outlets,"Reporter, editor, blogger, producer, or local-news leader",East Bay local news and civic accountability,1,Direct geographic connection and familiarity with East Bay institutions and audiences.,"Public profile, byline, staff page, or relevant work located.",https://calmatters.org/author/lynn-la/,https://calmatters.org/author/lynn-la/,Public source located - re-check current affiliation,2026-09-03,"Do not infer interest, endorsement, or wrongdoing. Personalize any outreach using current work and public contact preferences."
person,Andrew Donohue,CalMatters,Investigative Editor,East Bay local news and civic accountability,1,Direct geographic connection and familiarity with East Bay institutions and audiences.,Official CalMatters profile says he leads investigations and has overseen projects that forced institutional change.,https://calmatters.org/author/andrew-donohue/,https://calmatters.org/author/andrew-donohue/,Current role verified from public source,2026-09-03,Role/profile verified; interest in any specific allegation has not been inferred.
person,Matthew Green,KQED,Digital media producer and editor/reporter,East Bay local news and civic accountability,1,Direct geographic connection and familiarity with East Bay institutions and audiences.,Official KQED profile identifies him as a digital media producer with extensive East Bay reporting experience.,https://www.kqed.org/author/matthewgreen,https://www.kqed.org/author/matthewgreen,Current role verified from public source,2026-09-03,Role/profile verified; interest in any specific allegation has not been inferred.
person,Brian Krans,KQED / Richmondside / Vallejo Sun,Contributing reporter,East Bay local news and civic accountability,1,Direct geographic connection and familiarity with East Bay institutions and audiences.,"Official KQED profile identifies him as a local investigative reporter, Richmondside contributor, and Vallejo Sun founding member.",https://www.kqed.org/author/bkrans,https://www.kqed.org/author/bkrans,Current role verified from public source,2026-09-03,Role/profile verified; interest in any specific allegation has not been inferred.
person,Jake Pearson,National political and investigative outlets,"Congress, ethics, politics, or investigative reporter/editor/producer","Congressional ethics, influence, and national investigations",2,Subject-matter experience with congressional accountability and ability to amplify well-documented findings.,"Public profile, byline, staff page, or relevant work located.",https://www.propublica.org/people/jake-pearson,https://www.propublica.org/people/jake-pearson,Public source located - re-check current affiliation,2026-09-03,"Do not infer interest, endorsement, or wrongdoing. Personalize any outreach using current work and public contact preferences."
person,Andy Kroll,National political and investigative outlets,"Congress, ethics, politics, or investigative reporter/editor/producer","Congressional ethics, influence, and national investigations",2,Subject-matter experience with congressional accountability and ability to amplify well-documented findings.,"Public profile, byline, staff page, or relevant work located.",https://www.propublica.org/people/Andy-Kroll,https://www.propublica.org/people/Andy-Kroll,Public source located - re-check current affiliation,2026-09-03,"Do not infer interest, endorsement, or wrongdoing. Personalize any outreach using current work and public contact preferences."
person,Nina Heller,National political and investigative outlets,"Congress, ethics, politics, or investigative reporter/editor/producer","Congressional ethics, influence, and national investigations",2,Subject-matter experience with congressional accountability and ability to amplify well-documented findings.,"Public profile, byline, staff page, or relevant work located.",https://rollcall.com/author/nina-heller/,https://rollcall.com/author/nina-heller/,Public source located - re-check current affiliation,2026-09-03,"Do not infer interest, endorsement, or wrongdoing. Personalize any outreach using current work and public contact preferences."
person,Valerie Yurk,CQ Roll Call,House leadership and Congress reporter,"Congressional ethics, influence, and national investigations",2,Subject-matter experience with congressional accountability and ability to amplify well-documented findings.,Current Roll Call author page shows active 2026 congressional ethics and House coverage.,https://rollcall.com/author/valerie-yurk/,https://rollcall.com/author/valerie-yurk/,Current role verified from public source,2026-09-03,Role/profile verified; interest in any specific allegation has not been inferred.
person,Kate Santaliz,National political and investigative outlets,"Congress, ethics, politics, or investigative reporter/editor/producer","Congressional ethics, influence, and national investigations",2,Subject-matter experience with congressional accountability and ability to amplify well-documented findings.,"Public profile, byline, staff page, or relevant work located.",https://www.axios.com/2026/05/10/congress-sexual-misconduct-chuck-edwards-metoo-swalwell,https://www.axios.com/2026/05/10/congress-sexual-misconduct-chuck-edwards-metoo-swalwell,Public source located - re-check current affiliation,2026-09-03,"Do not infer interest, endorsement, or wrongdoing. Personalize any outreach using current work and public contact preferences."
person,Lisa Desjardins,PBS NewsHour,Correspondent covering the U.S. Capitol and Congress,"Congressional ethics, influence, and national investigations",2,Subject-matter experience with congressional accountability and ability to amplify well-documented findings.,Official PBS NewsHour profile identifies her as a correspondent covering Congress and the Capitol.,https://www.pbs.org/newshour/author/lisa-desjardins,https://www.pbs.org/newshour/author/lisa-desjardins,Current role verified from public source,2026-09-03,Role/profile verified; interest in any specific allegation has not been inferred.
person,Karen Tumulty,National political and investigative outlets,"Congress, ethics, politics, or investigative reporter/editor/producer","Congressional ethics, influence, and national investigations",2,Subject-matter experience with congressional accountability and ability to amplify well-documented findings.,"Public profile, byline, staff page, or relevant work located.",https://www.washingtonpost.com/politics/2026/04/23/congress-swalwell-ethics-cherfilus-mccormick-gonzales/,https://www.washingtonpost.com/politics/2026/04/23/congress-swalwell-ethics-cherfilus-mccormick-gonzales/,Public source located - re-check current affiliation,2026-09-03,"Do not infer interest, endorsement, or wrongdoing. Personalize any outreach using current work and public contact preferences."
person,Anna Liss-Roy,The Washington Post,Congress reporter focused on visual and multimedia coverage,"Congressional ethics, influence, and national investigations",2,Subject-matter experience with congressional accountability and ability to amplify well-documented findings.,Official Post profile identifies her as a Congress reporter and publishes a Signal route for secure tips.,https://www.washingtonpost.com/people/anna-liss-roy/?page=1,https://www.washingtonpost.com/people/anna-liss-roy/?page=1,Current role verified from public source,2026-09-03,Role/profile verified; interest in any specific allegation has not been inferred.
person,Michael Kranish,National political and investigative outlets,"Congress, ethics, politics, or investigative reporter/editor/producer","Congressional ethics, influence, and national investigations",2,Subject-matter experience with congressional accountability and ability to amplify well-documented findings.,"Public profile, byline, staff page, or relevant work located.",https://www.washingtonpost.com/people/michael-kranish/,https://www.washingtonpost.com/people/michael-kranish/,Public source located - re-check current affiliation,2026-09-03,"Do not infer interest, endorsement, or wrongdoing. Personalize any outreach using current work and public contact preferences."
person,Rosalind S. Helderman,National political and investigative outlets,"Congress, ethics, politics, or investigative reporter/editor/producer","Congressional ethics, influence, and national investigations",2,Subject-matter experience with congressional accountability and ability to amplify well-documented findings.,"Public profile, byline, staff page, or relevant work located.",https://www.washingtonpost.com/people/rosalind-s-helderman/,https://www.washingtonpost.com/people/rosalind-s-helderman/,Public source located - re-check current affiliation,2026-09-03,"Do not infer interest, endorsement, or wrongdoing. Personalize any outreach using current work and public contact preferences."
person,Praveena Somasundaram,National political and investigative outlets,"Congress, ethics, politics, or investigative reporter/editor/producer","Congressional ethics, influence, and national investigations",2,Subject-matter experience with congressional accountability and ability to amplify well-documented findings.,"Public profile, byline, staff page, or relevant work located.",https://www.washingtonpost.com/people/praveena-somasundaram/,https://www.washingtonpost.com/people/praveena-somasundaram/,Public source located - re-check current affiliation,2026-09-03,"Do not infer interest, endorsement, or wrongdoing. Personalize any outreach using current work and public contact preferences."
person,Dan Eggen,The Washington Post,Political enterprise editor,"Congressional ethics, influence, and national investigations",2,Subject-matter experience with congressional accountability and ability to amplify well-documented findings.,"Official Post announcement names him political enterprise editor; his profile documents campaign-finance, lobbying, and money-in-politics experience.",https://www.washingtonpost.com/pr/2024/12/11/dan-eggen-named-political-enterprise-editor-washington-post/,https://www.washingtonpost.com/people/dan-eggen/,Current role verified from public source,2026-09-03,Role/profile verified; interest in any specific allegation has not been inferred.
person,Kenneth P. Vogel,The New York Times,"Reporter covering money in politics, lobbying, and influence","Congressional ethics, influence, and national investigations",2,Subject-matter experience with congressional accountability and ability to amplify well-documented findings.,Official Times byline is the public route for a reporter whose beat includes money in politics and influence.,https://www.nytimes.com/by/kenneth-p-vogel,https://www.nytimes.com/by/kenneth-p-vogel,Current role verified from public source,2026-09-03,Role/profile verified; interest in any specific allegation has not been inferred.
person,Theodore Schleifer,The New York Times,"Reporter covering billionaires, political influence, and campaign money","Congressional ethics, influence, and national investigations",2,Subject-matter experience with congressional accountability and ability to amplify well-documented findings.,Current Times byline and recent work place him on the billionaire-influence and political-money beat.,https://www.nytimes.com/by/theodore-schleifer,https://www.nytimes.com/by/theodore-schleifer,Current role verified from public source,2026-09-03,Role/profile verified; interest in any specific allegation has not been inferred.
person,Eric Lipton,The New York Times,"Investigative reporter covering lobbying, ethics, and corporate influence","Congressional ethics, influence, and national investigations",2,Subject-matter experience with congressional accountability and ability to amplify well-documented findings.,"Official Times byline and Pulitzer biography document Washington investigations into lobbying, ethics, and corporate agendas.",https://www.nytimes.com/by/eric-lipton,https://www.nytimes.com/by/eric-lipton,Current role verified from public source,2026-09-03,Role/profile verified; interest in any specific allegation has not been inferred.
person,Rebecca Ballhaus,The Wall Street Journal,Investigative reporter,"Congressional ethics, influence, and national investigations",2,Subject-matter experience with congressional accountability and ability to amplify well-documented findings.,Current public journalist profile places her on The Wall Street Journal investigations team.,https://muckrack.com/rebecca-ballhaus,https://www.wsj.com/tips,Current role verified from public source,2026-09-03,Role/profile verified; interest in any specific allegation has not been inferred.
person,Sarah Ferris,CNN,Capitol Hill reporter,"Congressional ethics, influence, and national investigations",2,Subject-matter experience with congressional accountability and ability to amplify well-documented findings.,"Official CNN announcement says she covers Capitol Hill, with deep experience reporting on House leadership and congressional power.",https://cnnpressroom.blogs.cnn.com/2024/09/23/sarah-ferris-joins-cnn-as-a-reporter-covering-capitol-hill/,https://cnnpressroom.blogs.cnn.com/2024/09/23/sarah-ferris-joins-cnn-as-a-reporter-covering-capitol-hill/,Current role verified from public source,2026-09-03,Role/profile verified; interest in any specific allegation has not been inferred.
person,Clare Foran,CNN,Congress reporter,"Congressional ethics, influence, and national investigations",2,Subject-matter experience with congressional accountability and ability to amplify well-documented findings.,Current public professional profile and the official congressional press list place her with CNN covering Congress.,https://www.linkedin.com/in/clareforan,https://www.cnn.com/tips/,Current role verified from public source,2026-09-03,Current affiliation is supported by a public profile and government press list; no standalone CNN bio was located.
person,Lauren Fox,CNN,Congressional correspondent,"Congressional ethics, influence, and national investigations",2,Subject-matter experience with congressional accountability and ability to amplify well-documented findings.,CNN's official Capitol Hill team announcement identifies her as a congressional correspondent.,https://cnnpressroom.blogs.cnn.com/2025/01/16/cnn-announces-2025-white-house-and-capitol-hill-teams/,https://www.cnn.com/tips/,Current role verified from public source,2026-09-03,Role/profile verified; interest in any specific allegation has not been inferred.
person,Pamela Brown,CNN,Anchor and chief investigative correspondent,"Congressional ethics, influence, and national investigations",2,Subject-matter experience with congressional accountability and ability to amplify well-documented findings.,Official CNN announcement identifies her as an anchor and chief investigative correspondent.,https://cnnpressroom.blogs.cnn.com/2023/01/11/cnn-names-pamela-brown-chief-investigative-correspondent-and-anchor/,https://www.cnn.com/tips/,Current role verified from public source,2026-09-03,Role/profile verified; interest in any specific allegation has not been inferred.
person,Allison Gordon,CNN,Investigative reporter and producer,"Congressional ethics, influence, and national investigations",2,Subject-matter experience with congressional accountability and ability to amplify well-documented findings.,"Current public journalist profile and recent CNN bylines show investigative reporting and production work, including congressional ethics coverage.",https://muckrack.com/alligordon_,https://www.cnn.com/tips/,Current role verified from public source,2026-09-03,No standalone CNN staff biography was located; re-check current assignment before outreach.
person,Caitlin Yilek,National political and investigative outlets,"Congress, ethics, politics, or investigative reporter/editor/producer","Congressional ethics, influence, and national investigations",2,Subject-matter experience with congressional accountability and ability to amplify well-documented findings.,"Public profile, byline, staff page, or relevant work located.",https://www.cbsnews.com/news/sheila-cherfilus-mccormick-house-ethics-committee-sanctions/,https://www.cbsnews.com/news/sheila-cherfilus-mccormick-house-ethics-committee-sanctions/,Public source located - re-check current affiliation,2026-09-03,"Do not infer interest, endorsement, or wrongdoing. Personalize any outreach using current work and public contact preferences."
person,Kathryn Watson,CBS News,Politics reporter for CBS News Digital,"Congressional ethics, influence, and national investigations",2,Subject-matter experience with congressional accountability and ability to amplify well-documented findings.,Official CBS News profile identifies her as a Washington-based politics reporter.,https://www.cbsnews.com/team/kathryn-watson/,https://www.cbsnews.com/team/kathryn-watson/,Current role verified from public source,2026-09-03,Role/profile verified; interest in any specific allegation has not been inferred.
person,Olivia Beavers,The Wall Street Journal,Congress reporter,"Congressional ethics, influence, and national investigations",2,Subject-matter experience with congressional accountability and ability to amplify well-documented findings.,A current media-moves report and the official congressional press list place her at The Wall Street Journal covering Congress.,https://www.axios.com/newsletters/axios-communicators-a82e1cb0-c465-11ef-b594-b1a503d75b73,https://www.wsj.com/tips,Current role verified from public source,2026-09-03,Role/profile verified; interest in any specific allegation has not been inferred.
person,Michael Isikoff,SpyTalk,"Contributing editor; investigative journalist, author, and podcaster","Congressional ethics, influence, and national investigations",2,Subject-matter experience with congressional accountability and ability to amplify well-documented findings.,Current public journalist profile lists him as a SpyTalk contributing editor with recent 2026 work; Yahoo's staff page appears archival.,https://muckrack.com/michael-isikoff,https://www.spytalk.co/,Current role verified from public source,2026-09-03,Do not use the Yahoo title as current without confirmation.
person,Zack Kopplin,National political and investigative outlets,"Congress, ethics, politics, or investigative reporter/editor/producer","Congressional ethics, influence, and national investigations",2,Subject-matter experience with congressional accountability and ability to amplify well-documented findings.,"Public profile, byline, staff page, or relevant work located.",https://www.occrp.org/en/staff/zack-kopplin,https://www.occrp.org/en/staff/zack-kopplin,Public source located - re-check current affiliation,2026-09-03,"Do not infer interest, endorsement, or wrongdoing. Personalize any outreach using current work and public contact preferences."
person,David Barstow,UC Berkeley Graduate School of Journalism,"Chair, Investigative Reporting Program",Investigative editing and reporting partnerships,2,"Potential editorial guidance, collaboration, records expertise, or deeper investigation capacity.",Official Berkeley profile identifies him as chair of the Investigative Reporting Program and notes a Fall 2026 sabbatical.,https://journalism.berkeley.edu/person/david-barstow/,https://journalism.berkeley.edu/person/david-barstow/,Current role verified from public source,2026-09-03,Role/profile verified; interest in any specific allegation has not been inferred.
person,Bernice Yeung,UC Berkeley Investigative Reporting Program,Managing Director and Managing Editor,Investigative editing and reporting partnerships,2,"Potential editorial guidance, collaboration, records expertise, or deeper investigation capacity.",Official Berkeley profile identifies her as the program's managing director and managing editor.,https://journalism.berkeley.edu/person/bernice-yeung/,https://journalism.berkeley.edu/person/bernice-yeung/,Current role verified from public source,2026-09-03,Role/profile verified; interest in any specific allegation has not been inferred.
person,Katey Rusch,California Reporting Project / UC Berkeley IRP,Record Requests Manager and Data Journalist,Investigative editing and reporting partnerships,2,"Potential editorial guidance, collaboration, records expertise, or deeper investigation capacity.",Official Berkeley profile identifies her as the California Reporting Project's records and data specialist.,https://journalism.berkeley.edu/person/katey-rusch/,https://journalism.berkeley.edu/person/katey-rusch/,Current role verified from public source,2026-09-03,Role/profile verified; interest in any specific allegation has not been inferred.
person,Casey Smith,Indiana Capital Chronicle / States Newsroom,State government and investigative reporter,Investigative editing and reporting partnerships,3,"Potential editorial guidance, collaboration, records expertise, or deeper investigation capacity.",Official author page documents current state-government reporting and major investigative awards.,https://indianacapitalchronicle.com/author/casey-smith/,https://indianacapitalchronicle.com/author/casey-smith/,Current role verified from public source,2026-09-03,Strong accountability background but based outside California; lower geographic priority.
person,Aaron Glantz,Independent / UC Berkeley Journalism,Investigative journalist and lecturer,Investigative editing and reporting partnerships,2,"Potential editorial guidance, collaboration, records expertise, or deeper investigation capacity.",Official Berkeley profile and current professional site document investigative reporting and teaching.,https://journalism.berkeley.edu/person/aaron-glantz/,https://www.aglantz.com/,Current role verified from public source,2026-09-03,Confirm any institutional editorial role before pitching; treat as an independent investigative lead.
person,Jennifer Gollan,San Francisco Chronicle,Investigative reporter,Investigative editing and reporting partnerships,2,"Potential editorial guidance, collaboration, records expertise, or deeper investigation capacity.",Official Chronicle author page identifies her as an investigative reporter.,https://www.sfchronicle.com/author/jennifer-gollan/,https://www.sfchronicle.com/newsroom_contacts/,Current role verified from public source,2026-09-03,Role/profile verified; interest in any specific allegation has not been inferred.
person,Cynthia Dizikes,San Francisco Chronicle,Investigative reporter,Investigative editing and reporting partnerships,2,"Potential editorial guidance, collaboration, records expertise, or deeper investigation capacity.",Official Chronicle author page identifies her as an investigative reporter.,https://www.sfchronicle.com/author/cynthia-dizikes/,https://www.sfchronicle.com/newsroom_contacts/,Current role verified from public source,2026-09-03,Role/profile verified; interest in any specific allegation has not been inferred.
person,Susie Neilson,San Francisco Chronicle,Investigative reporter,Investigative editing and reporting partnerships,2,"Potential editorial guidance, collaboration, records expertise, or deeper investigation capacity.",Official Chronicle author page identifies her as an investigative reporter.,https://www.sfchronicle.com/author/susie-neilson/,https://www.sfchronicle.com/newsroom_contacts/,Current role verified from public source,2026-09-03,Role/profile verified; interest in any specific allegation has not been inferred.
person,Matthias Gafni,San Francisco Chronicle,Investigative reporter,Investigative editing and reporting partnerships,2,"Potential editorial guidance, collaboration, records expertise, or deeper investigation capacity.",A current Chronicle investigation credits Gafni on the investigative team.,https://www.sfchronicle.com/projects/2026/the-wrong-stalker/,https://www.sfchronicle.com/newsroom_contacts/,Current role verified from public source,2026-09-03,Role/profile verified; interest in any specific allegation has not been inferred.
watchdog_or_expert,Kedric Payne,Nonprofit watchdog and public-integrity organizations,"Ethics, campaign-finance, research, communications, or advocacy specialist","Campaign finance, ethics, and government accountability",2,"Can assess public records, contextualize ethics rules, and identify whether evidence merits journalistic attention.","Public profile, byline, staff page, or relevant work located.",https://campaignlegal.org/staff/kedric-payne,https://campaignlegal.org/staff/kedric-payne,Public source located - re-check current affiliation,2026-09-03,"Do not infer interest, endorsement, or wrongdoing. Personalize any outreach using current work and public contact preferences."
watchdog_or_expert,Brendan Fischer,Nonprofit watchdog and public-integrity organizations,"Ethics, campaign-finance, research, communications, or advocacy specialist","Campaign finance, ethics, and government accountability",2,"Can assess public records, contextualize ethics rules, and identify whether evidence merits journalistic attention.","Public profile, byline, staff page, or relevant work located.",https://campaignlegal.org/issues/ethics,https://campaignlegal.org/issues/ethics,Public source located - re-check current affiliation,2026-09-03,"Do not infer interest, endorsement, or wrongdoing. Personalize any outreach using current work and public contact preferences."
watchdog_or_expert,Donald Sherman,Nonprofit watchdog and public-integrity organizations,"Ethics, campaign-finance, research, communications, or advocacy specialist","Campaign finance, ethics, and government accountability",2,"Can assess public records, contextualize ethics rules, and identify whether evidence merits journalistic attention.","Public profile, byline, staff page, or relevant work located.",https://www.citizen.org/topic/protecting-democracy/ethics-lobbying-reform/,https://www.citizen.org/topic/protecting-democracy/ethics-lobbying-reform/,Public source located - re-check current affiliation,2026-09-03,"Do not infer interest, endorsement, or wrongdoing. Personalize any outreach using current work and public contact preferences."
watchdog_or_expert,Craig Holman,Nonprofit watchdog and public-integrity organizations,"Ethics, campaign-finance, research, communications, or advocacy specialist","Campaign finance, ethics, and government accountability",2,"Can assess public records, contextualize ethics rules, and identify whether evidence merits journalistic attention.","Public profile, byline, staff page, or relevant work located.",https://www.citizen.org/topic/protecting-democracy/ethics-lobbying-reform/,https://www.citizen.org/topic/protecting-democracy/ethics-lobbying-reform/,Public source located - re-check current affiliation,2026-09-03,"Do not infer interest, endorsement, or wrongdoing. Personalize any outreach using current work and public contact preferences."
watchdog_or_expert,Doug Pasternak,Public Citizen,"Research Director, Trump Accountability Project","Campaign finance, ethics, and government accountability",2,"Can assess public records, contextualize ethics rules, and identify whether evidence merits journalistic attention.","Official Public Citizen profile says his work focuses on waste, fraud, abuse, corruption, and conflicts of interest.",https://www.citizen.org/about/person/doug-pasternak/,https://www.citizen.org/about/person/doug-pasternak/,Current role verified from public source,2026-09-03,Role/profile verified; interest in any specific allegation has not been inferred.
watchdog_or_expert,Michael Beckel,Nonprofit watchdog and public-integrity organizations,"Ethics, campaign-finance, research, communications, or advocacy specialist","Campaign finance, ethics, and government accountability",2,"Can assess public records, contextualize ethics rules, and identify whether evidence merits journalistic attention.","Public profile, byline, staff page, or relevant work located.",https://issueone.org/team/michael-beckel/,https://issueone.org/team/michael-beckel/,Public source located - re-check current affiliation,2026-09-03,"Do not infer interest, endorsement, or wrongdoing. Personalize any outreach using current work and public contact preferences."
watchdog_or_expert,Sean McMorris,California Common Cause,"Transparency, Ethics and Accountability Program Manager","Campaign finance, ethics, and government accountability",2,"Can assess public records, contextualize ethics rules, and identify whether evidence merits journalistic attention.","Official Common Cause profile places him on California transparency, ethics, and accountability work.",https://www.commoncause.org/california/people/sean-mcmorris/,https://www.commoncause.org/california/people/sean-mcmorris/,Current role verified from public source,2026-09-03,Role/profile verified; interest in any specific allegation has not been inferred.
watchdog_or_expert,Pedro Hernandez,California Common Cause,Legal and Policy Director,"Campaign finance, ethics, and government accountability",2,"Can assess public records, contextualize ethics rules, and identify whether evidence merits journalistic attention.",Official Common Cause profile identifies him as California's legal and policy director with campaign-finance and election-policy expertise.,https://www.commoncause.org/california/people/pedro-hernandez/,https://www.commoncause.org/california/people/pedro-hernandez/,Current role verified from public source,2026-09-03,Role/profile verified; interest in any specific allegation has not been inferred.
watchdog_or_expert,Darius Kemp,California Common Cause,Executive Director,"Campaign finance, ethics, and government accountability",2,"Can assess public records, contextualize ethics rules, and identify whether evidence merits journalistic attention.",UC Berkeley's current public profile identifies him as executive director of California Common Cause and documents his Bay Area roots.,https://gspp.berkeley.edu/people-and-community/alumni/alumni-board/darius-kemp,https://www.commoncause.org/california/,Current role verified from public source,2026-09-03,Role/profile verified; interest in any specific allegation has not been inferred.
watchdog_or_expert,Joedy McCreary,OpenSecrets,Senior reporter,"Campaign finance, ethics, and government accountability",2,"Can assess public records, contextualize ethics rules, and identify whether evidence merits journalistic attention.",Current verified public journalist profile lists him as an OpenSecrets senior reporter following campaign money.,https://muckrack.com/joedy-mccreary-10,https://www.opensecrets.org/contact,Current role verified from public source,2026-09-03,Role/profile verified; interest in any specific allegation has not been inferred.
watchdog_or_expert,Brendan Glavin,OpenSecrets,Director of Insights,"Campaign finance, ethics, and government accountability",2,"Can assess public records, contextualize ethics rules, and identify whether evidence merits journalistic attention.",OpenSecrets' annual report lists him as Director of Insights.,https://dkftve4js3etk.cloudfront.net/2024-annual-report/OpenSecrets-2024-Annual-Report.pdf,https://www.opensecrets.org/contact,Current role verified from public source,2026-09-03,Role/profile verified; interest in any specific allegation has not been inferred.
