,antenna_aperture_tuner,battery_back_void_foam_pad,battery_pouch,bottom_mic,bottom_microphone_mesh_1,bottom_microphone_mesh_2,bottom_microphone_port_1,bottom_microphone_port_2,bottom_speaker_acoustic_chamber,bottom_speaker_dust_mesh,bottom_speaker_grille_slot_1,bottom_speaker_grille_slot_2,bottom_speaker_grille_slot_3,bottom_speaker_grille_slot_4,bottom_speaker_grille_slot_5,bottom_speaker_module,cellular_bottom_antenna_keepout,cellular_top_antenna_keepout,display_fpc_bend_keepout,display_fpc_connector,display_lcm,earpiece_gasket,earpiece_receiver,front_camera_black_mask_window,front_camera_module,front_camera_under_glass,glass_perimeter_cushion_bottom,glass_perimeter_cushion_left,glass_perimeter_cushion_right,glass_perimeter_cushion_top,handset_acoustic_mesh,handset_acoustic_slot,haptic_lra,main_pcb,orange_back_shell,orange_battery_left_rib,orange_battery_right_rib,orange_corner_rib_1,orange_corner_rib_1_leg,orange_corner_rib_2,orange_corner_rib_2_leg,orange_corner_rib_3,orange_corner_rib_3_leg,orange_corner_rib_4,orange_corner_rib_4_leg,orange_rear_camera_bezel_bottom,orange_rear_camera_bezel_left,orange_rear_camera_bezel_right,orange_rear_camera_bezel_top,orange_rear_flash_bezel_bottom,orange_rear_flash_bezel_left,orange_rear_flash_bezel_right,orange_rear_flash_bezel_top,orange_screw_boss_1,orange_screw_boss_10,orange_screw_boss_2,orange_screw_boss_3,orange_screw_boss_4,orange_screw_boss_5,orange_screw_boss_6,orange_screw_boss_7,orange_screw_boss_8,orange_screw_boss_9,orange_side_frame,orange_snap_hook_1,orange_snap_hook_2,orange_snap_hook_3,orange_snap_hook_4,orange_snap_hook_5,orange_snap_hook_6,orange_snap_hook_7,orange_snap_hook_8,orange_usb_reinforcement_saddle,pmic_shield_can,power_button_cap,power_button_elastomer_gasket,power_button_labyrinth_lower_rail,power_button_labyrinth_upper_rail,radio_shield_can,rear_camera_cover_adhesive_bottom,rear_camera_cover_adhesive_left,rear_camera_cover_adhesive_right,rear_camera_cover_adhesive_top,rear_camera_cover_glass,rear_camera_lens_window,rear_camera_light_baffle_bottom,rear_camera_light_baffle_top,rear_camera_module,rear_camera_shell_aperture,rear_flash_camera_septum,rear_flash_led,rear_flash_led_window,rear_flash_shell_aperture,screen_adhesive_bottom,screen_adhesive_left,screen_adhesive_right,screen_adhesive_top,screen_cover_glass,service_label_recess,sim_tray_keepout,sim_tray_outline,soc_shield_can,split_interconnect_bottom_connector,split_interconnect_bottom_flex_tail,split_interconnect_side_flex,split_interconnect_top_connector,split_interconnect_top_flex_tail,top_mic,top_microphone_mesh,top_microphone_port,usb_c_external_aperture,usb_c_internal_drain_shelf,usb_c_molded_drip_break_lip,usb_c_perimeter_gasket_bottom,usb_c_perimeter_gasket_left,usb_c_perimeter_gasket_right,usb_c_perimeter_gasket_top,usb_c_receptacle,volume_button_cap,volume_button_elastomer_gasket,volume_button_labyrinth_lower_rail,volume_button_labyrinth_upper_rail,wifi_bt_side_antenna_keepout
antenna_aperture_tuner,0.0,19.8,16.3,6.25,7.74,8.3,7.92,8.5,36.1,35.5,36.9,39.9,42.9,45.9,48.9,37.0,0.0,135.2,123.3,120.2,2.98,135.0,132.6,132.1,131.35,132.9,6.085,9.55,63.55,141.685,135.94,135.5,58.5,0.8,2.85,10.8,54.625,124.8,124.8,124.8,124.8,7.9,1.8,55.0,55.0,118.3,119.3,119.3,129.9,123.05,123.5,123.5,125.7,122.7,102.7,122.7,6.7,52.9,84.7,84.7,44.7,52.9,102.7,6.85,116.3,88.3,40.3,12.3,116.3,88.3,62.45,62.45,17.0,116.8,80.8,80.3,79.85,92.95,106.8,119.495,120.0,120.0,129.255,120.0,121.2,120.575,128.275,119.6,119.3,120.45,124.1,123.8,123.5,6.31,9.55,63.55,141.685,6.55,10.5,50.55,64.45,113.8,40.0,48.0,59.3,103.1,103.3,134.075,143.34,143.52,20.9,19.6,19.4,20.3,20.405,31.245,20.3,21.53,70.3,69.8,69.35,91.45,107.3
battery_back_void_foam_pad,19.8,0.0,0.42,20.275,29.54,29.54,29.72,29.72,10.3,29.52,29.715,29.715,29.715,29.715,29.715,11.3,21.4,35.4,23.5,20.4,6.2,35.2,32.8,32.3,31.55,33.1,27.885,9.17,9.17,41.885,36.14,35.7,2.5,2.07,0.0,0.87,0.87,25.0,25.0,25.0,25.0,11.0,11.0,11.0,11.0,18.5,19.5,19.5,30.1,23.25,23.7,23.7,25.9,22.9,2.9,22.9,8.9,8.9,0.0,0.0,0.0,0.0,2.9,7.85,16.5,6.45,6.45,6.45,16.5,6.45,6.45,6.45,20.4,17.0,8.55,8.1,7.775,7.775,7.0,19.695,20.2,20.2,29.455,20.2,21.4,20.775,28.475,19.8,19.5,20.65,24.3,24.0,23.7,27.885,9.53,9.53,41.885,9.77,1.105,2.77,8.45,14.0,4.3,4.5,3.3,3.3,3.5,34.275,43.54,43.72,29.705,27.0,29.155,29.255,29.255,29.255,29.255,21.8,8.55,8.1,7.775,7.775,7.5
battery_pouch,16.3,0.42,0.0,16.775,26.04,26.04,26.22,26.22,6.8,26.02,26.215,26.215,26.215,26.215,26.215,7.8,17.9,31.9,20.0,16.9,0.18,31.7,29.3,28.8,28.05,29.6,24.385,5.55,5.55,38.385,32.64,32.2,0.5,0.5,0.55,0.0,0.0,21.5,21.5,21.5,21.5,7.5,7.5,7.5,7.5,15.0,16.0,16.0,26.6,19.75,20.2,20.2,22.4,19.4,0.0,19.4,5.4,5.4,0.0,0.0,0.0,0.0,0.0,5.85,13.0,4.45,4.45,4.45,13.0,4.45,4.45,4.45,16.9,13.5,6.55,6.1,5.775,5.775,3.5,16.195,16.7,16.7,25.955,16.7,17.9,17.275,24.975,16.3,16.0,17.15,20.8,20.5,20.2,24.385,5.55,5.55,38.385,3.75,1.705,0.0,6.45,10.5,0.8,1.0,1.3,0.0,0.0,30.775,40.04,40.22,26.205,23.5,25.655,25.755,25.755,25.755,25.755,18.3,6.55,6.1,5.775,5.775,4.0
bottom_mic,6.25,20.275,16.775,0.0,6.615,6.615,6.795,6.795,26.35,25.75,27.15,30.15,33.15,36.15,39.15,27.25,0.0,135.675,123.775,120.675,2.43,135.475,133.075,132.575,131.825,133.375,5.4,17.8,53.8,142.16,136.415,135.975,48.75,1.275,2.9,11.275,44.875,125.275,125.275,125.275,125.275,9.25,9.25,45.25,45.25,118.775,119.775,119.775,130.375,123.525,123.975,123.975,126.175,123.175,103.175,123.175,7.175,43.15,85.175,85.175,45.175,45.175,103.175,5.725,116.775,88.775,40.775,16.7,116.775,88.775,52.7,52.7,7.25,117.275,81.275,80.775,80.325,93.425,107.275,119.97,120.475,120.475,129.73,120.475,121.675,121.05,128.75,120.075,119.775,120.925,124.575,124.275,123.975,5.76,17.8,53.8,142.16,6.0,10.975,40.8,54.7,114.275,30.25,38.25,49.55,103.575,103.775,134.55,143.815,143.995,11.15,9.85,9.65,10.55,10.655,21.495,10.55,11.78,70.775,70.275,69.825,91.925,107.775
bottom_microphone_mesh_1,7.74,29.54,26.04,6.615,0.0,3.6,0.06,3.8,31.4,30.8,32.2,35.2,38.2,41.2,44.2,32.3,2.14,144.94,133.04,129.94,6.455,144.74,142.34,141.84,141.09,142.64,5.25,14.85,58.85,151.425,145.68,145.24,53.8,10.54,2.65,20.54,49.925,134.54,134.54,134.54,134.54,17.64,11.54,50.3,50.3,128.04,129.04,129.04,139.64,132.79,133.24,133.24,135.44,132.44,112.44,132.44,16.44,48.2,94.44,94.44,54.44,54.44,112.44,0.0,126.04,98.04,50.04,22.04,126.04,98.04,57.75,57.75,12.3,126.54,90.54,90.04,89.59,102.69,116.54,129.235,129.74,129.74,138.995,129.74,130.94,130.315,138.015,129.34,129.04,130.19,133.84,133.54,133.24,5.61,14.85,58.85,151.425,5.85,20.24,47.54,59.75,123.54,35.3,43.3,54.6,112.84,113.04,143.815,153.08,153.26,16.2,14.9,14.7,15.6,15.705,26.545,15.6,16.83,80.04,79.54,79.09,101.19,117.04
bottom_microphone_mesh_2,8.3,29.54,26.04,6.615,3.6,0.0,3.8,0.06,26.4,25.8,27.2,30.2,33.2,36.2,39.2,27.3,2.14,144.94,133.04,129.94,6.455,144.74,142.34,141.84,141.09,142.64,5.25,19.85,53.85,151.425,145.68,145.24,48.8,10.54,2.65,20.54,44.925,134.54,134.54,134.54,134.54,17.64,11.54,45.3,45.3,128.04,129.04,129.04,139.64,132.79,133.24,133.24,135.44,132.44,112.44,132.44,16.44,43.2,94.44,94.44,54.44,54.44,112.44,0.0,126.04,98.04,50.04,22.04,126.04,98.04,52.75,52.75,7.3,126.54,90.54,90.04,89.59,102.69,116.54,129.235,129.74,129.74,138.995,129.74,130.94,130.315,138.015,129.34,129.04,130.19,133.84,133.54,133.24,5.61,19.85,53.85,151.425,5.85,20.24,47.54,54.75,123.54,30.3,38.3,49.6,112.84,113.04,143.815,153.08,153.26,11.2,9.9,9.7,10.6,10.705,21.545,10.6,11.83,80.04,79.54,79.09,101.19,117.04
bottom_microphone_port_1,7.92,29.72,26.22,6.795,0.06,3.8,0.0,4.0,31.6,31.0,32.4,35.4,38.4,41.4,44.4,32.5,2.32,145.12,133.22,130.12,6.635,144.92,142.52,142.02,141.27,142.82,5.45,15.05,59.05,151.605,145.86,145.42,54.0,10.72,2.85,20.72,50.125,134.72,134.72,134.72,134.72,17.82,11.72,50.5,50.5,128.22,129.22,129.22,139.82,132.97,133.42,133.42,135.62,132.62,112.62,132.62,16.62,48.4,94.62,94.62,54.62,54.62,112.62,0.1,126.22,98.22,50.22,22.22,126.22,98.22,57.95,57.95,12.5,126.72,90.72,90.22,89.77,102.87,116.72,129.415,129.92,129.92,139.175,129.92,131.12,130.495,138.195,129.52,129.22,130.37,134.02,133.72,133.42,5.81,15.05,59.05,151.605,6.05,20.42,47.72,59.95,123.72,35.5,43.5,54.8,113.02,113.22,143.995,153.26,153.44,16.4,15.1,14.9,15.8,15.905,26.745,15.8,17.03,80.22,79.72,79.27,101.37,117.22
bottom_microphone_port_2,8.5,29.72,26.22,6.795,3.8,0.06,4.0,0.0,26.6,26.0,27.4,30.4,33.4,36.4,39.4,27.5,2.32,145.12,133.22,130.12,6.635,144.92,142.52,142.02,141.27,142.82,5.45,20.05,54.05,151.605,145.86,145.42,49.0,10.72,2.85,20.72,45.125,134.72,134.72,134.72,134.72,17.82,11.72,45.5,45.5,128.22,129.22,129.22,139.82,132.97,133.42,133.42,135.62,132.62,112.62,132.62,16.62,43.4,94.62,94.62,54.62,54.62,112.62,0.1,126.22,98.22,50.22,22.22,126.22,98.22,52.95,52.95,7.5,126.72,90.72,90.22,89.77,102.87,116.72,129.415,129.92,129.92,139.175,129.92,131.12,130.495,138.195,129.52,129.22,130.37,134.02,133.72,133.42,5.81,20.05,54.05,151.605,6.05,20.42,47.72,54.95,123.72,30.5,38.5,49.8,113.02,113.22,143.995,153.26,153.44,11.4,10.1,9.9,10.8,10.905,21.745,10.8,12.03,80.22,79.72,79.27,101.37,117.22
bottom_speaker_acoustic_chamber,36.1,10.3,6.8,26.35,31.4,26.4,31.6,26.6,0.0,6.22,6.415,6.415,6.415,6.415,6.415,0.0,0.9,125.7,113.8,110.7,4.63,125.5,123.1,122.6,121.85,123.4,7.6,47.65,9.45,132.185,126.44,126.0,7.3,0.5,0.0,38.725,1.3,115.3,115.3,115.3,115.3,39.1,39.1,0.9,0.9,108.8,109.8,109.8,120.4,113.55,114.0,114.0,116.2,113.2,93.2,113.2,37.0,0.0,75.2,75.2,37.0,35.2,93.2,5.35,106.8,78.8,46.55,46.55,106.8,78.8,30.8,8.35,1.1,107.3,71.3,70.8,70.35,83.45,97.3,109.995,110.5,110.5,119.755,110.5,111.7,111.075,118.775,110.1,109.8,110.95,114.6,114.3,114.0,7.96,47.65,9.45,132.185,8.2,1.1954,28.3,30.3,104.3,3.6,3.8,5.8,93.6,93.8,124.575,133.84,134.02,6.405,3.7,5.855,5.955,15.345,5.955,5.955,5.63,60.8,60.3,59.85,81.95,97.8
bottom_speaker_dust_mesh,35.5,29.52,26.02,25.75,30.8,25.8,31.0,26.0,6.22,0.0,0.075,0.075,0.075,0.075,0.075,7.22,2.12,144.92,133.02,129.92,6.435,144.72,142.32,141.82,141.07,142.62,3.55,47.05,12.05,151.405,145.66,145.22,26.52,10.52,0.95,38.125,20.52,134.52,134.52,134.52,134.52,38.5,38.5,17.62,11.52,128.02,129.02,129.02,139.62,132.77,133.22,133.22,135.42,132.42,112.42,132.42,36.4,16.42,94.42,94.42,54.42,54.42,112.42,0.0,126.02,98.02,50.02,45.95,126.02,98.02,50.02,22.02,7.12,126.52,90.52,90.02,89.57,102.67,116.52,129.215,129.72,129.72,138.975,129.72,130.92,130.295,137.995,129.32,129.02,130.17,133.82,133.52,133.22,3.91,47.05,12.05,151.405,4.15,20.22,47.52,49.52,123.52,22.82,23.02,25.02,112.82,113.02,143.795,153.06,153.24,4.4,3.1,2.9,3.8,14.745,3.905,3.8,5.03,80.02,79.52,79.07,101.17,117.02
bottom_speaker_grille_slot_1,36.9,29.715,26.215,27.15,32.2,27.2,32.4,27.4,6.415,0.075,0.0,1.8,4.8,7.8,10.8,7.415,2.315,145.115,133.215,130.115,6.63,144.915,142.515,142.015,141.265,142.815,3.95,48.45,25.45,151.6,145.855,145.415,26.715,10.715,1.35,39.525,20.715,134.715,134.715,134.715,134.715,39.9,39.9,17.815,16.9,128.215,129.215,129.215,139.815,132.965,133.415,133.415,135.615,132.615,112.615,132.615,37.8,16.615,94.615,94.615,54.615,54.615,112.615,0.075,126.215,98.215,50.215,47.35,126.215,98.215,50.215,24.35,7.315,126.715,90.715,90.215,89.765,102.865,116.715,129.41,129.915,129.915,139.17,129.915,131.115,130.49,138.19,129.515,129.215,130.365,134.015,133.715,133.415,4.31,48.45,25.45,151.6,4.55,20.415,47.715,49.715,123.715,23.015,23.215,25.215,113.015,113.215,143.99,153.255,153.435,5.8,4.5,4.3,5.2,16.145,5.305,5.2,6.43,80.215,79.715,79.265,101.365,117.215
bottom_speaker_grille_slot_2,39.9,29.715,26.215,30.15,35.2,30.2,35.4,30.4,6.415,0.075,1.8,0.0,1.8,4.8,7.8,7.415,2.315,145.115,133.215,130.115,6.63,144.915,142.515,142.015,141.265,142.815,3.95,51.45,22.45,151.6,145.855,145.415,26.715,10.715,1.35,42.525,20.715,134.715,134.715,134.715,134.715,42.9,42.9,17.815,13.9,128.215,129.215,129.215,139.815,132.965,133.415,133.415,135.615,132.615,112.615,132.615,40.8,16.615,94.615,94.615,54.615,54.615,112.615,0.075,126.215,98.215,50.35,50.35,126.215,98.215,50.215,22.215,7.315,126.715,90.715,90.215,89.765,102.865,116.715,129.41,129.915,129.915,139.17,129.915,131.115,130.49,138.19,129.515,129.215,130.365,134.015,133.715,133.415,4.31,51.45,22.45,151.6,4.55,20.415,47.715,49.715,123.715,23.015,23.215,25.215,113.015,113.215,143.99,153.255,153.435,8.8,7.5,7.3,8.2,19.145,8.305,8.2,9.43,80.215,79.715,79.265,101.365,117.215
bottom_speaker_grille_slot_3,42.9,29.715,26.215,33.15,38.2,33.2,38.4,33.4,6.415,0.075,4.8,1.8,0.0,1.8,4.8,7.415,2.315,145.115,133.215,130.115,6.63,144.915,142.515,142.015,141.265,142.815,3.95,54.45,19.45,151.6,145.855,145.415,26.715,10.715,1.35,45.525,20.715,134.715,134.715,134.715,134.715,45.9,45.9,17.815,11.715,128.215,129.215,129.215,139.815,132.965,133.415,133.415,135.615,132.615,112.615,132.615,43.8,16.615,94.615,94.615,54.615,54.615,112.615,0.075,126.215,98.215,53.35,53.35,126.215,98.215,50.215,22.215,7.9,126.715,90.715,90.215,89.765,102.865,116.715,129.41,129.915,129.915,139.17,129.915,131.115,130.49,138.19,129.515,129.215,130.365,134.015,133.715,133.415,4.31,54.45,19.45,151.6,4.55,20.415,47.715,49.715,123.715,23.015,23.215,25.215,113.015,113.215,143.99,153.255,153.435,11.8,10.5,10.3,11.2,22.145,11.305,11.2,12.43,80.215,79.715,79.265,101.365,117.215
bottom_speaker_grille_slot_4,45.9,29.715,26.215,36.15,41.2,36.2,41.4,36.4,6.415,0.075,7.8,4.8,1.8,0.0,1.8,7.415,2.315,145.115,133.215,130.115,6.63,144.915,142.515,142.015,141.265,142.815,3.95,57.45,16.45,151.6,145.855,145.415,26.715,10.715,1.35,48.525,20.715,134.715,134.715,134.715,134.715,48.9,48.9,17.815,11.715,128.215,129.215,129.215,139.815,132.965,133.415,133.415,135.615,132.615,112.615,132.615,46.8,16.615,94.615,94.615,54.615,54.615,112.615,0.075,126.215,98.215,56.35,56.35,126.215,98.215,50.215,22.215,10.9,126.715,90.715,90.215,89.765,102.865,116.715,129.41,129.915,129.915,139.17,129.915,131.115,130.49,138.19,129.515,129.215,130.365,134.015,133.715,133.415,4.31,57.45,16.45,151.6,4.55,20.415,47.715,49.715,123.715,23.015,23.215,25.215,113.015,113.215,143.99,153.255,153.435,14.8,13.5,13.3,14.2,25.145,14.305,14.2,15.43,80.215,79.715,79.265,101.365,117.215
bottom_speaker_grille_slot_5,48.9,29.715,26.215,39.15,44.2,39.2,44.4,39.4,6.415,0.075,10.8,7.8,4.8,1.8,0.0,7.415,2.315,145.115,133.215,130.115,6.63,144.915,142.515,142.015,141.265,142.815,3.95,60.45,13.45,151.6,145.855,145.415,26.715,10.715,1.35,51.525,20.715,134.715,134.715,134.715,134.715,51.9,51.9,17.815,11.715,128.215,129.215,129.215,139.815,132.965,133.415,133.415,135.615,132.615,112.615,132.615,49.8,16.615,94.615,94.615,54.615,54.615,112.615,0.075,126.215,98.215,59.35,59.35,126.215,98.215,50.215,22.215,13.9,126.715,90.715,90.215,89.765,102.865,116.715,129.41,129.915,129.915,139.17,129.915,131.115,130.49,138.19,129.515,129.215,130.365,134.015,133.715,133.415,4.31,60.45,13.45,151.6,4.55,20.415,47.715,49.715,123.715,23.015,23.215,25.215,113.015,113.215,143.99,153.255,153.435,17.8,16.5,16.3,17.2,28.145,17.305,17.2,18.43,80.215,79.715,79.265,101.365,117.215
bottom_speaker_module,37.0,11.3,7.8,27.25,32.3,27.3,32.5,27.5,0.0,7.22,7.415,7.415,7.415,7.415,7.415,0.0,0.0,126.7,114.8,111.7,2.23,126.5,124.1,123.6,122.85,124.4,5.585,48.55,11.55,133.185,127.44,127.0,8.3,0.0,0.6,39.625,2.625,116.3,116.3,116.3,116.3,40.0,40.0,3.0,3.0,109.8,110.8,110.8,121.4,114.55,115.0,115.0,117.2,114.2,94.2,114.2,37.9,0.9,76.2,76.2,37.9,36.2,94.2,6.35,107.8,79.8,47.45,47.45,107.8,79.8,31.8,10.45,2.0,108.3,72.3,71.8,71.35,84.45,98.3,110.995,111.5,111.5,120.755,111.5,112.7,112.075,119.775,111.1,110.8,111.95,115.6,115.3,115.0,5.585,48.55,11.55,133.185,5.8,2.0,29.3,31.3,105.3,4.6,4.8,7.3,94.6,94.8,125.575,134.84,135.02,7.405,4.7,6.855,6.955,16.245,6.955,6.955,6.53,61.8,61.3,60.85,82.95,98.8
cellular_bottom_antenna_keepout,0.0,21.4,17.9,0.0,2.14,2.14,2.32,2.32,0.9,2.12,2.315,2.315,2.315,2.315,2.315,0.0,0.0,136.8,124.9,121.8,1.73,136.6,134.2,133.7,132.95,134.5,4.7,6.55,6.55,143.285,137.54,137.1,18.4,2.4,2.6,12.4,12.4,126.4,126.4,126.4,126.4,9.5,3.4,9.5,3.4,119.9,120.9,120.9,131.5,124.65,125.1,125.1,127.3,124.3,104.3,124.3,8.3,8.3,86.3,86.3,46.3,46.3,104.3,1.25,117.9,89.9,41.9,13.9,117.9,89.9,41.9,13.9,0.0,118.4,82.4,81.9,81.45,94.55,108.4,121.095,121.6,121.6,130.855,121.6,122.8,122.175,129.875,121.2,120.9,122.05,125.7,125.4,125.1,5.06,6.55,6.55,143.285,5.3,12.1,39.4,41.4,115.4,14.7,14.9,16.9,104.7,104.9,135.675,144.94,145.12,2.305,1.56,1.755,1.855,1.855,1.855,1.855,0.0,71.9,71.4,70.95,93.05,108.9
cellular_top_antenna_keepout,135.2,35.4,31.9,135.675,144.94,144.94,145.12,145.12,125.7,144.92,145.115,145.115,145.115,145.115,145.115,126.7,136.8,0.0,1.9,11.8,9.315,3.625,0.0,5.86,0.0,5.875,143.285,6.55,6.55,4.7,4.85,5.955,106.4,2.4,2.6,26.4,26.4,9.5,3.4,9.5,3.4,126.4,126.4,126.4,126.4,15.9,5.3,5.3,4.3,11.7,9.5,9.5,9.05,8.3,28.3,8.3,124.3,124.3,46.3,46.3,86.3,86.3,28.3,1.25,13.9,41.9,89.9,117.9,13.9,41.9,89.9,117.9,135.8,8.4,42.4,41.9,54.55,41.45,8.4,15.255,6.0,6.0,5.495,6.0,7.2,14.275,6.575,5.6,5.3,6.45,10.1,9.8,9.5,143.285,6.55,6.55,5.06,5.3,115.7,75.4,77.4,5.4,119.7,119.9,31.9,29.7,29.9,0.0,2.14,2.32,145.105,142.4,144.555,144.655,144.655,144.655,144.655,137.2,43.9,43.4,65.05,42.95,22.9
display_fpc_bend_keepout,123.3,23.5,20.0,123.775,133.04,133.04,133.22,133.22,113.8,133.02,133.215,133.215,133.215,133.215,133.215,114.8,124.9,1.9,0.0,0.575,1.18,3.075,6.0,28.5,27.75,29.3,131.385,49.55,4.15,8.385,4.3,5.405,94.5,1.85,4.85,40.625,14.5,41.0,41.0,2.85,2.85,114.5,114.5,114.5,114.5,5.91,5.91,5.91,5.91,5.93,5.93,5.93,5.93,38.9,16.4,2.65,112.4,112.4,38.9,34.4,74.4,74.4,38.9,3.85,48.45,48.45,78.0,106.0,2.45,30.0,78.0,106.0,123.9,0.55,30.5,30.0,42.65,29.55,25.0,5.34,5.34,5.34,5.34,5.5,5.5,5.425,5.425,0.0,6.025,2.8,4.0,5.55,6.025,131.385,49.55,4.51,8.385,4.75,103.8,63.5,65.5,10.0,107.8,108.0,20.0,17.8,18.0,1.226,10.04,10.22,133.205,130.5,132.655,132.755,132.755,132.755,132.755,125.3,50.55,50.1,53.15,49.775,11.0
display_fpc_connector,120.2,20.4,16.9,120.675,129.94,129.94,130.12,130.12,110.7,129.92,130.115,130.115,130.115,130.115,130.115,111.7,121.8,11.8,0.575,0.0,2.055,11.6,9.2,30.0,29.25,30.8,128.285,51.05,5.05,18.285,12.54,12.1,91.4,0.125,3.125,42.125,11.4,42.5,42.5,1.4,1.4,111.4,111.4,111.4,111.4,4.185,4.185,4.185,6.5,4.205,4.205,4.205,4.205,40.4,13.3,0.925,109.3,109.3,40.4,31.3,71.3,71.3,40.4,5.35,49.95,49.95,74.9,102.9,3.95,26.9,74.9,102.9,120.8,0.0,27.4,26.9,39.55,26.45,26.5,3.615,3.615,3.615,5.855,3.775,3.775,3.7,4.875,0.0,4.3,1.075,2.275,3.825,4.3,128.285,51.05,5.385,18.285,5.625,100.7,60.4,62.4,11.5,104.7,104.9,16.9,14.7,14.9,10.675,19.94,20.12,130.105,127.4,129.555,129.655,129.655,129.655,129.655,122.2,52.05,51.6,51.275,51.275,7.9
display_lcm,2.98,6.2,0.18,2.43,6.455,6.455,6.635,6.635,4.63,6.435,6.63,6.63,6.63,6.63,6.63,2.23,1.73,9.315,1.18,2.055,0.0,9.115,6.715,6.215,5.465,7.015,4.8,2.16,2.16,15.8,10.055,9.615,3.58,3.33,6.33,3.93,3.93,4.33,4.33,4.33,4.33,4.33,4.33,4.33,4.33,7.39,7.39,7.39,7.39,7.41,7.41,7.41,7.41,4.13,4.13,4.13,4.13,4.13,4.13,4.13,4.13,4.13,4.13,2.3816,1.93,1.93,1.93,1.93,1.93,1.93,1.93,1.93,3.53,2.03,3.16,2.71,2.385,2.385,1.93,6.82,6.82,6.82,6.82,6.98,6.98,6.905,6.905,0.83,7.505,4.28,5.48,7.03,7.505,4.8,2.16,2.16,15.8,0.18,7.485,1.43,3.06,1.93,2.43,3.39,3.39,2.43,3.39,8.19,17.455,17.635,6.62,5.29,6.07,6.17,6.17,6.17,6.17,1.605,3.16,2.71,2.385,2.385,1.73
earpiece_gasket,135.0,35.2,31.7,135.475,144.74,144.74,144.92,144.92,125.5,144.72,144.915,144.915,144.915,144.915,144.915,126.5,136.6,3.625,3.075,11.6,9.115,0.0,1.275,7.5,6.75,8.3,143.085,28.55,28.55,4.685,0.675,1.78,106.2,5.225,8.225,26.2,26.2,20.0,20.0,20.0,20.0,126.2,126.2,126.2,126.2,15.7,9.285,17.3,9.285,11.5,9.305,9.305,9.305,17.9,28.1,17.9,124.1,124.1,46.1,46.1,86.1,86.1,28.1,5.45,27.45,41.7,89.7,117.7,27.45,41.7,89.7,117.7,135.6,8.2,42.2,41.7,54.35,41.25,8.2,15.055,8.715,16.655,8.715,8.875,8.875,14.075,8.8,7.0,9.4,6.25,9.9,9.6,9.4,143.085,28.55,28.55,4.685,1.125,115.5,75.2,77.2,5.2,119.5,119.7,31.7,29.5,29.7,7.25,8.3,8.5,144.905,142.2,144.355,144.455,144.455,144.455,144.455,137.0,43.7,43.2,64.85,42.75,22.7
earpiece_receiver,132.6,32.8,29.3,133.075,142.34,142.34,142.52,142.52,123.1,142.32,142.515,142.515,142.515,142.515,142.515,124.1,134.2,0.0,6.0,9.2,6.715,1.275,0.0,10.5,9.75,11.3,140.685,31.55,31.55,3.085,2.5,3.605,103.8,1.45,4.45,23.8,23.8,23.0,23.0,23.0,23.0,123.8,123.8,123.8,123.8,13.3,8.7,20.3,8.7,9.1,6.9,8.0,6.45,20.9,25.7,20.9,121.7,121.7,43.7,43.7,83.7,83.7,25.7,3.85,30.45,39.3,87.3,115.3,30.45,39.3,87.3,115.3,133.2,5.8,39.8,39.3,51.95,38.85,7.0,12.655,9.895,19.655,9.95,10.4,11.6,11.675,10.85,10.0,9.7,8.9,7.5,7.2,6.9,140.685,31.55,31.55,3.085,2.95,113.1,72.8,74.8,2.8,117.1,117.3,29.3,27.1,27.3,10.25,11.3,11.5,142.505,139.8,141.955,142.055,142.055,142.055,142.055,134.6,41.3,40.8,62.45,40.35,20.3
front_camera_black_mask_window,132.1,32.3,28.8,132.575,141.84,141.84,142.02,142.02,122.6,141.82,142.015,142.015,142.015,142.015,142.015,123.6,133.7,5.86,28.5,30.0,6.215,7.5,10.5,0.0,3.16,0.0,140.185,16.05,54.05,4.585,7.75,8.5,103.3,7.46,10.46,23.3,45.125,8.46,8.46,45.5,45.5,123.3,123.3,123.3,123.3,31.2,31.2,42.8,31.2,27.85,27.85,30.5,27.85,8.26,43.4,43.4,121.2,121.2,43.2,43.4,83.2,83.2,25.2,5.35,14.95,38.8,86.8,114.8,52.95,52.95,86.8,114.8,132.7,23.5,55.05,54.6,54.275,54.275,6.06,32.45,32.395,42.155,32.45,32.9,34.1,33.35,33.35,32.5,32.2,31.4,28.9,28.6,28.3,140.185,16.05,54.05,4.585,0.0,112.6,72.3,74.3,6.06,116.6,116.8,49.8,30.5,38.5,32.75,33.8,34.0,142.005,139.3,141.455,141.555,141.555,141.555,141.555,134.1,40.8,40.3,61.95,39.85,20.5
front_camera_module,131.35,31.55,28.05,131.825,141.09,141.09,141.27,141.27,121.85,141.07,141.265,141.265,141.265,141.265,141.265,122.85,132.95,0.0,27.75,29.25,5.465,6.75,9.75,3.16,0.0,3.175,139.435,15.3,53.3,3.835,7.0,7.75,102.55,1.1,4.1,22.55,44.375,6.75,6.75,44.75,44.75,122.55,122.55,122.55,122.55,30.45,30.45,42.05,30.45,27.1,27.1,29.75,27.1,4.65,42.65,42.65,120.45,120.45,42.45,42.65,82.45,82.45,24.45,4.6,14.2,38.05,86.05,114.05,52.2,52.2,86.05,114.05,131.95,22.75,54.3,53.85,53.525,53.525,4.55,31.7,31.645,41.405,31.7,32.15,33.35,32.6,32.6,31.75,31.45,30.65,28.15,27.85,27.55,139.435,15.3,53.3,3.835,2.6,111.85,71.55,73.55,1.55,115.85,116.05,49.05,29.75,37.75,32.0,33.05,33.25,141.255,138.55,140.705,140.805,140.805,140.805,140.805,133.35,40.05,39.55,61.2,39.1,19.75
front_camera_under_glass,132.9,33.1,29.6,133.375,142.64,142.64,142.82,142.82,123.4,142.62,142.815,142.815,142.815,142.815,142.815,124.4,134.5,5.875,29.3,30.8,7.015,8.3,11.3,0.0,3.175,0.0,140.985,16.85,54.85,5.385,8.55,9.3,104.1,7.475,10.475,24.1,45.925,8.475,8.475,46.3,46.3,124.1,124.1,124.1,124.1,32.0,32.0,43.6,32.0,28.65,28.65,31.3,28.65,8.275,44.2,44.2,122.0,122.0,44.0,44.2,84.0,84.0,26.0,6.15,15.75,39.6,87.6,115.6,53.75,53.75,87.6,115.6,133.5,24.3,55.85,55.4,55.075,55.075,6.1,33.25,33.195,42.955,33.25,33.7,34.9,34.15,34.15,33.3,33.0,32.2,29.7,29.4,29.1,140.985,16.85,54.85,5.385,0.0,113.4,73.1,75.1,6.075,117.4,117.6,50.6,31.3,39.3,33.55,34.6,34.8,142.805,140.1,142.255,142.355,142.355,142.355,142.355,134.9,41.6,41.1,62.75,40.65,21.3
glass_perimeter_cushion_bottom,6.085,27.885,24.385,5.4,5.25,5.25,5.45,5.45,7.6,3.55,3.95,3.95,3.95,3.95,3.95,5.585,4.7,143.285,131.385,128.285,4.8,143.085,140.685,140.185,139.435,140.985,0.0,6.5,6.5,149.77,144.025,143.585,24.885,8.885,9.3,18.885,18.885,132.885,132.885,132.885,132.885,15.985,9.885,15.985,9.885,126.385,127.385,127.385,137.985,131.135,131.585,131.585,133.785,130.785,110.785,130.785,14.785,14.785,92.785,92.785,52.785,52.785,110.785,0.0,124.385,96.385,48.385,20.385,124.385,96.385,48.385,20.385,6.5,124.885,88.885,88.385,87.935,101.035,114.885,127.58,128.085,128.085,137.34,128.085,129.285,128.66,136.36,127.685,127.385,128.535,132.185,131.885,131.585,0.11,6.5,6.5,149.77,0.35,18.585,45.885,47.885,121.885,21.185,21.385,23.385,111.185,111.385,142.16,151.425,151.605,4.25,8.26,8.345,7.995,3.9,3.9,3.755,4.575,78.385,77.885,77.435,99.535,115.385
glass_perimeter_cushion_left,9.55,9.17,5.55,17.8,14.85,19.85,15.05,20.05,47.65,47.05,48.45,51.45,54.45,57.45,60.45,48.55,6.55,6.55,49.55,51.05,2.16,28.55,31.55,16.05,15.3,16.85,6.5,0.0,75.1,6.5,28.8,29.55,70.05,6.3,9.3,8.175,66.175,7.3,7.65,66.55,66.55,7.3,7.65,66.55,66.55,52.25,52.25,63.85,52.25,48.9,48.9,51.55,48.9,7.1,64.45,64.45,7.1,64.45,7.1,64.45,7.1,64.45,7.1,0.0,4.9,4.9,4.9,4.9,74.0,74.0,74.0,74.0,28.55,44.55,76.1,75.65,75.325,75.325,6.55,53.5,53.445,63.205,53.5,53.95,55.15,54.4,54.4,53.55,53.25,52.45,49.95,49.65,49.35,6.5,0.11,75.1,6.5,0.35,21.55,62.1,76.0,21.55,51.55,59.55,70.85,51.55,59.55,53.8,54.85,55.05,32.45,31.15,30.95,31.85,31.955,42.795,31.85,33.08,4.45,4.225,4.075,4.075,41.55
glass_perimeter_cushion_right,63.55,9.17,5.55,53.8,58.85,53.85,59.05,54.05,9.45,12.05,25.45,22.45,19.45,16.45,13.45,11.55,6.55,6.55,4.15,5.05,2.16,28.55,31.55,54.05,53.3,54.85,6.5,75.1,0.0,6.5,28.8,29.55,6.55,6.3,9.3,66.175,8.175,66.55,66.55,7.3,7.65,66.55,66.55,7.3,7.65,10.36,21.85,10.36,10.36,23.1,25.75,23.1,23.1,64.45,7.1,7.1,64.45,7.1,64.45,7.1,64.45,7.1,64.45,0.0,74.0,74.0,74.0,74.0,4.9,4.9,4.9,4.9,28.55,19.55,4.45,4.225,4.075,4.075,50.55,11.5,21.205,11.445,11.5,11.95,13.15,12.4,12.4,11.55,11.25,22.05,24.15,23.85,23.55,6.5,75.1,0.11,6.5,0.35,21.55,4.4,3.4,35.55,7.55,6.36,6.36,7.55,6.36,17.8,18.85,19.05,32.45,31.15,30.95,31.85,42.795,31.955,31.85,33.08,76.1,75.65,75.325,75.325,4.7
glass_perimeter_cushion_top,141.685,41.885,38.385,142.16,151.425,151.425,151.605,151.605,132.185,151.405,151.6,151.6,151.6,151.6,151.6,133.185,143.285,4.7,8.385,18.285,15.8,4.685,3.085,4.585,3.835,5.385,149.77,6.5,6.5,0.0,5.625,5.185,112.885,8.885,9.3,32.885,32.885,15.985,9.885,15.985,9.885,132.885,132.885,132.885,132.885,22.385,11.785,11.785,10.785,18.185,15.985,15.985,15.535,14.785,34.785,14.785,130.785,130.785,52.785,52.785,92.785,92.785,34.785,0.0,20.385,48.385,96.385,124.385,20.385,48.385,96.385,124.385,142.285,14.885,48.885,48.385,61.035,47.935,14.885,21.74,12.485,12.485,11.98,12.485,13.685,20.76,13.06,12.085,11.785,12.935,16.585,16.285,15.985,149.77,6.5,6.5,0.11,0.35,122.185,81.885,83.885,11.885,126.185,126.385,38.385,36.185,36.385,5.4,5.25,5.45,151.59,148.885,151.04,151.14,151.14,151.14,151.14,143.685,50.385,49.885,71.535,49.435,29.385
handset_acoustic_mesh,135.94,36.14,32.64,136.415,145.68,145.68,145.86,145.86,126.44,145.66,145.855,145.855,145.855,145.855,145.855,127.44,137.54,4.85,4.3,12.54,10.055,0.675,2.5,7.75,7.0,8.55,144.025,28.8,28.8,5.625,0.0,0.705,107.14,6.45,9.45,27.14,27.14,20.25,20.25,20.25,20.25,127.14,127.14,127.14,127.14,16.64,10.51,17.55,10.51,12.44,10.53,10.53,10.53,18.15,29.04,18.15,125.04,125.04,47.04,47.04,87.04,87.04,29.04,6.39,27.7,42.64,90.64,118.64,27.7,42.64,90.64,118.64,136.54,9.14,43.14,42.64,55.29,42.19,9.14,15.995,9.94,16.905,9.94,10.1,10.1,15.015,10.025,7.25,10.625,7.4,10.84,10.54,10.625,144.025,28.8,28.8,5.625,0.05,116.44,76.14,78.14,6.14,120.44,120.64,32.64,30.44,30.64,7.5,8.55,8.75,145.845,143.14,145.295,145.395,145.395,145.395,145.395,137.94,44.64,44.14,65.79,43.69,23.64
handset_acoustic_slot,135.5,35.7,32.2,135.975,145.24,145.24,145.42,145.42,126.0,145.22,145.415,145.415,145.415,145.415,145.415,127.0,137.1,5.955,5.405,12.1,9.615,1.78,3.605,8.5,7.75,9.3,143.585,29.55,29.55,5.185,0.705,0.0,106.7,7.555,10.555,26.7,26.7,21.0,21.0,21.0,21.0,126.7,126.7,126.7,126.7,16.2,11.615,18.3,11.615,12.0,11.635,11.635,11.635,18.9,28.6,18.9,124.6,124.6,46.6,46.6,86.6,86.6,28.6,5.95,28.45,42.2,90.2,118.2,28.45,42.2,90.2,118.2,136.1,8.7,42.7,42.2,54.85,41.75,8.7,15.555,11.045,17.655,11.045,11.205,11.205,14.575,11.13,8.0,11.73,8.505,10.4,11.255,11.73,143.585,29.55,29.55,5.185,0.15,116.0,75.7,77.7,6.155,120.0,120.2,32.2,30.0,30.2,8.25,9.3,9.5,145.405,142.7,144.855,144.955,144.955,144.955,144.955,137.5,44.2,43.7,65.35,43.25,23.2
haptic_lra,58.5,2.5,0.5,48.75,53.8,48.8,54.0,49.0,7.3,26.52,26.715,26.715,26.715,26.715,26.715,8.3,18.4,106.4,94.5,91.4,3.58,106.2,103.8,103.3,102.55,104.1,24.885,70.05,6.55,112.885,107.14,106.7,0.0,1.118,0.25,61.125,3.125,96.0,96.0,96.0,96.0,61.5,61.5,8.0,8.0,89.5,90.5,90.5,101.1,94.25,94.7,94.7,96.9,93.9,73.9,93.9,59.4,5.9,59.4,55.9,59.4,15.9,73.9,0.0,87.5,68.95,68.95,68.95,87.5,59.5,11.5,0.25,23.5,88.0,52.0,51.5,51.05,64.15,78.0,90.695,91.2,91.2,100.455,91.2,92.4,91.775,99.475,90.8,90.5,91.65,95.3,95.0,94.7,24.885,70.05,6.91,112.885,7.15,16.5,9.0,11.0,85.0,2.5,1.5,0.01,74.3,74.5,105.275,114.54,114.72,27.4,26.1,26.155,26.8,37.745,26.905,26.8,28.03,71.05,70.6,70.275,70.275,78.5
main_pcb,0.8,2.07,0.5,1.275,10.54,10.54,10.72,10.72,0.5,10.52,10.715,10.715,10.715,10.715,10.715,0.0,2.4,2.4,1.85,0.125,3.33,5.225,1.45,7.46,1.1,7.475,8.885,6.3,6.3,8.885,6.45,7.555,1.118,0.0,2.2,0.0,0.0,0.2,0.2,0.2,0.2,0.2,0.2,0.2,0.2,3.26,3.26,3.26,3.26,3.28,3.28,3.28,3.28,0.0,0.0,0.0,0.0,0.0,14.9,14.9,28.9,28.9,0.0,5.85,4.45,4.45,4.45,4.45,4.45,4.45,4.45,4.45,1.4,0.2,6.55,6.1,5.775,5.775,0.2,2.69,2.69,2.69,2.69,2.85,2.85,2.775,2.775,0.0,3.375,0.15,1.35,2.9,3.375,8.885,6.66,6.66,8.885,6.9,3.355,22.0,6.45,0.2,0.0,0.0,1.3,0.0,0.0,1.275,10.54,10.72,10.705,8.0,10.155,10.255,10.255,10.255,10.255,2.8,6.55,6.1,5.775,5.775,0.0
orange_back_shell,2.85,0.0,0.55,2.9,2.65,2.65,2.85,2.85,0.0,0.95,1.35,1.35,1.35,1.35,1.35,0.6,2.6,2.6,4.85,3.125,6.33,8.225,4.45,10.46,4.1,10.475,9.3,9.3,9.3,9.3,9.45,10.555,0.25,2.2,0.0,1.0,1.0,0.0,0.0,0.0,0.0,0.0,0.0,0.0,0.0,0.0,0.0,0.0,0.0,0.0,0.0,0.0,0.0,0.0,0.0,0.0,0.0,0.0,0.0,0.0,0.0,0.0,0.0,0.0,3.0,3.0,3.0,3.0,3.0,3.0,3.0,3.0,0.8,3.2,3.75,3.525,3.375,3.375,3.2,0.195,0.195,0.195,0.195,0.7,1.9,1.15,1.15,0.5,0.0,0.0,0.6185,0.3,0.0,9.66,9.66,9.66,9.66,9.9,0.0,2.9,1.9,3.2,3.0,2.76,2.76,3.0,2.76,2.9,2.65,2.85,1.45,0.76,0.505,0.955,1.1,1.1,5.195,1.475,3.75,3.525,3.375,3.375,2.6
orange_battery_left_rib,10.8,0.87,0.0,11.275,20.54,20.54,20.72,20.72,38.725,38.125,39.525,42.525,45.525,48.525,51.525,39.625,12.4,26.4,40.625,42.125,3.93,26.2,23.8,23.3,22.55,24.1,18.885,8.175,66.175,32.885,27.14,26.7,61.125,0.0,1.0,0.0,57.25,16.0,16.0,57.625,57.625,2.0,2.0,57.625,57.625,43.325,43.325,54.925,43.325,39.975,39.975,42.625,39.975,13.9,55.525,55.525,0.0,55.525,0.0,55.525,0.0,55.525,0.0,8.475,7.5,7.075,7.075,7.075,65.075,65.075,65.075,65.075,19.625,35.625,67.175,66.725,66.4,66.4,0.8,44.575,44.52,54.28,44.575,45.025,46.225,45.475,45.475,44.625,44.325,43.525,41.025,40.725,40.425,18.885,8.175,66.175,32.885,7.5,12.625,53.175,67.075,12.625,42.625,50.625,61.925,42.625,50.625,44.875,45.925,46.125,23.525,22.225,22.025,22.925,23.03,33.87,22.925,24.155,9.175,8.725,8.4,8.4,32.625
orange_battery_right_rib,54.625,0.87,0.0,44.875,49.925,44.925,50.125,45.125,1.3,20.52,20.715,20.715,20.715,20.715,20.715,2.625,12.4,26.4,14.5,11.4,3.93,26.2,23.8,45.125,44.375,45.925,18.885,66.175,8.175,32.885,27.14,26.7,3.125,0.0,1.0,57.25,0.0,57.625,57.625,16.0,16.0,57.625,57.625,2.0,2.0,9.5,12.925,10.5,21.1,14.25,16.825,14.7,16.9,55.525,0.0,13.9,55.525,0.0,55.525,0.0,55.525,0.0,55.525,8.475,65.075,65.075,65.075,65.075,7.5,7.075,7.075,7.075,19.625,10.625,9.175,8.725,8.4,8.4,41.625,10.695,12.28,11.2,20.455,11.2,12.4,11.775,19.475,10.8,10.5,13.125,15.3,15.0,14.7,18.885,66.175,8.175,32.885,7.5,12.625,0.5,9.075,26.625,0.6,0.36,3.925,0.6,0.36,25.275,34.54,34.72,23.525,22.225,22.025,22.925,33.87,23.03,22.925,24.155,67.175,66.725,66.4,66.4,0.2
orange_corner_rib_1,124.8,25.0,21.5,125.275,134.54,134.54,134.72,134.72,115.3,134.52,134.715,134.715,134.715,134.715,134.715,116.3,126.4,9.5,41.0,42.5,4.33,20.0,23.0,8.46,6.75,8.475,132.885,7.3,66.55,15.985,20.25,21.0,96.0,0.2,0.0,16.0,57.625,0.0,0.0,58.0,58.0,116.0,116.0,116.0,116.0,43.7,43.7,55.3,43.7,40.35,40.35,43.0,40.35,0.0,55.9,55.9,113.9,113.9,35.9,55.9,75.9,75.9,17.9,1.85,3.5,31.5,79.5,107.5,65.45,65.45,79.5,107.5,125.4,36.0,67.55,67.1,66.775,66.775,1.2,44.95,44.895,54.655,44.95,45.4,46.6,45.85,45.85,45.0,44.7,43.9,41.4,41.1,40.8,132.885,7.66,66.55,15.985,7.9,105.3,65.0,67.45,13.0,109.3,109.5,62.3,43.0,51.0,45.25,46.3,46.5,134.705,132.0,134.155,134.255,134.255,134.255,134.255,126.8,33.5,33.0,54.65,32.55,33.0
orange_corner_rib_1_leg,124.8,25.0,21.5,125.275,134.54,134.54,134.72,134.72,115.3,134.52,134.715,134.715,134.715,134.715,134.715,116.3,126.4,3.4,41.0,42.5,4.33,20.0,23.0,8.46,6.75,8.475,132.885,7.65,66.55,9.885,20.25,21.0,96.0,0.2,0.0,16.0,57.625,0.0,0.0,58.0,58.0,116.0,116.0,116.0,116.0,43.7,43.7,55.3,43.7,40.35,40.35,43.0,40.35,0.0,55.9,55.9,113.9,113.9,35.9,55.9,75.9,75.9,17.9,7.95,6.55,31.5,79.5,107.5,65.45,65.45,79.5,107.5,125.4,36.0,67.55,67.1,66.775,66.775,1.2,44.95,44.895,54.655,44.95,45.4,46.6,45.85,45.85,45.0,44.7,43.9,41.4,41.1,40.8,132.885,7.66,66.55,9.885,7.9,105.3,65.0,67.45,13.0,109.3,109.5,62.3,43.0,51.0,45.25,46.3,46.5,134.705,132.0,134.155,134.255,134.255,134.255,134.255,126.8,33.5,33.0,54.65,32.55,33.0
orange_corner_rib_2,124.8,25.0,21.5,125.275,134.54,134.54,134.72,134.72,115.3,134.52,134.715,134.715,134.715,134.715,134.715,116.3,126.4,9.5,2.85,1.4,4.33,20.0,23.0,45.5,44.75,46.3,132.885,66.55,7.3,15.985,20.25,21.0,96.0,0.2,0.0,57.625,16.0,58.0,58.0,0.0,0.0,116.0,116.0,116.0,116.0,5.5,13.3,1.7,4.2,14.55,17.2,14.55,14.55,55.9,17.9,0.0,113.9,113.9,55.9,35.9,75.9,75.9,55.9,1.85,65.45,65.45,79.5,107.5,3.5,31.5,79.5,107.5,125.4,11.0,32.0,31.5,44.15,31.05,42.0,4.855,12.655,2.895,3.555,3.4,4.6,3.875,3.85,3.0,2.7,13.5,15.6,15.3,15.0,132.885,66.55,7.66,15.985,7.9,105.3,65.0,67.0,27.0,109.3,109.5,21.5,19.3,19.5,9.25,17.64,17.82,134.705,132.0,134.155,134.255,134.255,134.255,134.255,126.8,67.55,67.1,66.775,66.775,12.5
orange_corner_rib_2_leg,124.8,25.0,21.5,125.275,134.54,134.54,134.72,134.72,115.3,134.52,134.715,134.715,134.715,134.715,134.715,116.3,126.4,3.4,2.85,1.4,4.33,20.0,23.0,45.5,44.75,46.3,132.885,66.55,7.65,9.885,20.25,21.0,96.0,0.2,0.0,57.625,16.0,58.0,58.0,0.0,0.0,116.0,116.0,116.0,116.0,5.5,13.3,1.7,1.7,14.55,17.2,14.55,14.55,55.9,17.9,0.0,113.9,113.9,55.9,35.9,75.9,75.9,55.9,7.95,65.45,65.45,79.5,107.5,6.55,31.5,79.5,107.5,125.4,11.0,32.0,31.5,44.15,31.05,42.0,4.855,12.655,2.895,2.95,3.4,4.6,3.875,3.85,3.0,2.7,13.5,15.6,15.3,15.0,132.885,66.55,7.66,9.885,7.9,105.3,65.0,67.0,27.0,109.3,109.5,21.5,19.3,19.5,9.25,11.54,11.72,134.705,132.0,134.155,134.255,134.255,134.255,134.255,126.8,67.55,67.1,66.775,66.775,12.5
orange_corner_rib_3,7.9,11.0,7.5,9.25,17.64,17.64,17.82,17.82,39.1,38.5,39.9,42.9,45.9,48.9,51.9,40.0,9.5,126.4,114.5,111.4,4.33,126.2,123.8,123.3,122.55,124.1,15.985,7.3,66.55,132.885,127.14,126.7,61.5,0.2,0.0,2.0,57.625,116.0,116.0,116.0,116.0,0.0,0.0,58.0,58.0,109.5,110.5,110.5,121.1,114.25,114.7,114.7,116.9,113.9,93.9,113.9,0.0,55.9,75.9,75.9,35.9,55.9,93.9,1.85,107.5,79.5,31.5,3.5,107.5,79.5,65.45,65.45,20.0,108.0,72.0,71.5,71.05,84.15,98.0,110.695,111.2,111.2,120.455,111.2,112.4,111.775,119.475,110.8,110.5,111.65,115.3,115.0,114.7,15.985,7.66,66.55,132.885,7.9,13.0,53.55,67.45,105.0,43.0,51.0,62.3,94.3,94.5,125.275,134.54,134.72,23.9,22.6,22.4,23.3,23.405,34.245,23.3,24.53,61.5,61.0,60.55,82.65,98.5
orange_corner_rib_3_leg,1.8,11.0,7.5,9.25,11.54,11.54,11.72,11.72,39.1,38.5,39.9,42.9,45.9,48.9,51.9,40.0,3.4,126.4,114.5,111.4,4.33,126.2,123.8,123.3,122.55,124.1,9.885,7.65,66.55,132.885,127.14,126.7,61.5,0.2,0.0,2.0,57.625,116.0,116.0,116.0,116.0,0.0,0.0,58.0,58.0,109.5,110.5,110.5,121.1,114.25,114.7,114.7,116.9,113.9,93.9,113.9,0.0,55.9,75.9,75.9,35.9,55.9,93.9,7.95,107.5,79.5,31.5,6.55,107.5,79.5,65.45,65.45,20.0,108.0,72.0,71.5,71.05,84.15,98.0,110.695,111.2,111.2,120.455,111.2,112.4,111.775,119.475,110.8,110.5,111.65,115.3,115.0,114.7,9.885,7.66,66.55,132.885,7.9,13.0,53.55,67.45,105.0,43.0,51.0,62.3,94.3,94.5,125.275,134.54,134.72,23.9,22.6,22.4,23.3,23.405,34.245,23.3,24.53,61.5,61.0,60.55,82.65,98.5
orange_corner_rib_4,55.0,11.0,7.5,45.25,50.3,45.3,50.5,45.5,0.9,17.62,17.815,17.815,17.815,17.815,17.815,3.0,9.5,126.4,114.5,111.4,4.33,126.2,123.8,123.3,122.55,124.1,15.985,66.55,7.3,132.885,127.14,126.7,8.0,0.2,0.0,57.625,2.0,116.0,116.0,116.0,116.0,58.0,58.0,0.0,0.0,109.5,110.5,110.5,121.1,114.25,114.7,114.7,116.9,113.9,93.9,113.9,55.9,0.0,75.9,75.9,55.9,35.9,93.9,1.85,107.5,79.5,65.45,65.45,107.5,79.5,31.5,3.5,20.0,108.0,72.0,71.5,71.05,84.15,98.0,110.695,111.2,111.2,120.455,111.2,112.4,111.775,119.475,110.8,110.5,111.65,115.3,115.0,114.7,15.985,66.55,7.66,132.885,7.9,13.0,29.0,31.0,105.0,4.3,4.5,6.5,94.3,94.5,125.275,134.54,134.72,23.9,22.6,22.4,23.3,34.245,23.405,23.3,24.53,67.55,67.1,66.775,82.65,98.5
orange_corner_rib_4_leg,55.0,11.0,7.5,45.25,50.3,45.3,50.5,45.5,0.9,11.52,16.9,13.9,11.715,11.715,11.715,3.0,3.4,126.4,114.5,111.4,4.33,126.2,123.8,123.3,122.55,124.1,9.885,66.55,7.65,132.885,127.14,126.7,8.0,0.2,0.0,57.625,2.0,116.0,116.0,116.0,116.0,58.0,58.0,0.0,0.0,109.5,110.5,110.5,121.1,114.25,114.7,114.7,116.9,113.9,93.9,113.9,55.9,0.0,75.9,75.9,55.9,35.9,93.9,7.95,107.5,79.5,65.45,65.45,107.5,79.5,31.5,6.55,20.0,108.0,72.0,71.5,71.05,84.15,98.0,110.695,111.2,111.2,120.455,111.2,112.4,111.775,119.475,110.8,110.5,111.65,115.3,115.0,114.7,9.885,66.55,7.66,132.885,7.9,13.0,29.0,31.0,105.0,4.3,4.5,6.5,94.3,94.5,125.275,134.54,134.72,23.9,22.6,22.4,23.3,34.245,23.405,23.3,24.53,67.55,67.1,66.775,82.65,98.5
orange_rear_camera_bezel_bottom,118.3,18.5,15.0,118.775,128.04,128.04,128.22,128.22,108.8,128.02,128.215,128.215,128.215,128.215,128.215,109.8,119.9,15.9,5.91,4.185,7.39,15.7,13.3,31.2,30.45,32.0,126.385,52.25,10.36,22.385,16.64,16.2,89.5,3.26,0.0,43.325,9.5,43.7,43.7,5.5,5.5,109.5,109.5,109.5,109.5,0.0,0.0,0.0,10.6,3.75,4.2,4.2,6.4,41.6,11.4,3.4,107.4,107.4,41.6,29.4,69.4,69.4,41.6,10.55,51.15,51.15,73.0,101.0,9.15,25.0,73.0,101.0,118.9,4.26,25.5,25.0,37.65,24.55,27.7,0.454,0.8112,0.8112,9.955,0.7,1.9,1.275,8.975,1.46,0.0,1.15,4.8,4.5,4.2,126.385,52.25,10.72,22.385,10.96,98.8,58.5,60.5,12.7,102.8,103.0,15.0,12.8,13.0,14.775,24.04,24.22,128.205,125.5,127.655,127.755,127.755,127.755,127.755,120.3,53.25,52.8,52.475,52.475,6.0
orange_rear_camera_bezel_left,119.3,19.5,16.0,119.775,129.04,129.04,129.22,129.22,109.8,129.02,129.215,129.215,129.215,129.215,129.215,110.8,120.9,5.3,5.91,4.185,7.39,9.285,8.7,31.2,30.45,32.0,127.385,52.25,21.85,11.785,10.51,11.615,90.5,3.26,0.0,43.325,12.925,43.7,43.7,13.3,13.3,110.5,110.5,110.5,110.5,0.0,0.0,10.6,0.0,0.25,2.9,0.25,0.25,41.6,12.4,11.2,108.4,108.4,41.6,30.4,70.4,70.4,41.6,12.55,51.15,51.15,74.0,102.0,20.75,26.0,74.0,102.0,119.9,4.26,26.5,26.0,38.65,25.55,27.7,0.4802,0.454,9.955,0.4802,0.7,1.9,1.15,1.15,1.46,0.0,1.01,1.3,1.0,0.7,127.385,52.25,21.85,11.785,10.96,99.8,59.5,61.5,12.7,103.8,104.0,17.6,13.8,14.0,4.175,13.44,13.62,129.205,126.5,128.655,128.755,128.755,128.755,128.755,121.3,53.25,52.8,52.475,52.475,7.0
orange_rear_camera_bezel_right,119.3,19.5,16.0,119.775,129.04,129.04,129.22,129.22,109.8,129.02,129.215,129.215,129.215,129.215,129.215,110.8,120.9,5.3,5.91,4.185,7.39,17.3,20.3,42.8,42.05,43.6,127.385,63.85,10.36,11.785,17.55,18.3,90.5,3.26,0.0,54.925,10.5,55.3,55.3,1.7,1.7,110.5,110.5,110.5,110.5,0.0,10.6,0.0,0.0,11.85,14.5,11.85,11.85,53.2,12.4,0.46,108.4,108.4,53.2,30.4,70.4,70.4,53.2,10.55,62.75,62.75,74.0,102.0,9.15,26.0,74.0,102.0,119.9,8.3,26.5,26.0,38.65,25.55,39.3,0.4802,9.955,0.454,0.4802,0.7,1.9,1.15,1.15,1.46,0.0,10.8,12.9,12.6,12.3,127.385,63.85,10.72,11.785,10.96,99.8,59.5,61.5,24.3,103.8,104.0,16.0,13.8,14.0,6.55,13.44,13.62,129.205,126.5,128.655,128.755,128.755,128.755,128.755,121.3,64.85,64.4,64.075,64.075,7.0
orange_rear_camera_bezel_top,129.9,30.1,26.6,130.375,139.64,139.64,139.82,139.82,120.4,139.62,139.815,139.815,139.815,139.815,139.815,121.4,131.5,4.3,5.91,6.5,7.39,9.285,8.7,31.2,30.45,32.0,137.985,52.25,10.36,10.785,10.51,11.615,101.1,3.26,0.0,43.325,21.1,43.7,43.7,4.2,1.7,121.1,121.1,121.1,121.1,10.6,0.0,0.0,0.0,6.4,4.2,4.2,3.75,41.6,23.0,3.0,119.0,119.0,41.6,41.0,81.0,81.0,41.6,10.55,51.15,51.15,84.6,112.6,9.15,36.6,84.6,112.6,130.5,4.26,37.1,36.6,49.25,36.15,27.7,9.955,0.8112,0.8112,0.454,0.7,1.9,8.975,1.275,1.46,0.0,1.15,4.8,4.5,4.2,137.985,52.25,10.72,10.785,10.96,110.4,70.1,72.1,12.7,114.4,114.6,26.6,24.4,24.6,3.96,12.44,12.62,139.805,137.1,139.255,139.355,139.355,139.355,139.355,131.9,53.25,52.8,59.75,52.475,17.6
orange_rear_flash_bezel_bottom,123.05,23.25,19.75,123.525,132.79,132.79,132.97,132.97,113.55,132.77,132.965,132.965,132.965,132.965,132.965,114.55,124.65,11.7,5.93,4.205,7.41,11.5,9.1,27.85,27.1,28.65,131.135,48.9,23.1,18.185,12.44,12.0,94.25,3.28,0.0,39.975,14.25,40.35,40.35,14.55,14.55,114.25,114.25,114.25,114.25,3.75,0.25,11.85,6.4,0.0,0.0,0.0,2.2,38.25,16.15,12.45,112.15,112.15,38.25,34.15,74.15,74.15,38.25,18.95,47.8,47.8,77.75,105.75,22.0,29.75,77.75,105.75,123.65,4.28,30.25,29.75,42.4,29.3,24.35,3.105,1.445,11.205,5.755,1.95,3.15,2.4,4.775,1.55,1.25,1.03,1.23,0.3,0.0,131.135,48.9,23.1,18.185,10.98,103.55,63.25,65.25,9.35,107.55,107.75,19.75,17.55,17.75,10.575,19.84,20.02,132.955,130.25,132.405,132.505,132.505,132.505,132.505,125.05,49.9,49.45,52.9,49.125,10.75
orange_rear_flash_bezel_left,123.5,23.7,20.2,123.975,133.24,133.24,133.42,133.42,114.0,133.22,133.415,133.415,133.415,133.415,133.415,115.0,125.1,9.5,5.93,4.205,7.41,9.305,6.9,27.85,27.1,28.65,131.585,48.9,25.75,15.985,10.53,11.635,94.7,3.28,0.0,39.975,16.825,40.35,40.35,17.2,17.2,114.7,114.7,114.7,114.7,4.2,2.9,14.5,4.2,0.0,0.0,2.2,0.0,38.25,16.6,15.1,112.6,112.6,38.25,34.6,74.6,74.6,38.25,16.75,47.8,47.8,78.2,106.2,24.65,30.2,78.2,106.2,124.1,4.28,30.7,30.2,42.85,29.75,24.35,4.15,4.095,13.855,4.15,4.6,5.8,5.05,5.05,4.2,3.9,3.1,1.23,0.3,0.0,131.585,48.9,25.75,15.985,10.98,104.0,63.7,65.7,9.35,108.0,108.2,21.5,18.0,18.2,8.375,17.64,17.82,133.405,130.7,132.855,132.955,132.955,132.955,132.955,125.5,49.9,49.45,53.35,49.125,11.2
orange_rear_flash_bezel_right,123.5,23.7,20.2,123.975,133.24,133.24,133.42,133.42,114.0,133.22,133.415,133.415,133.415,133.415,133.415,115.0,125.1,9.5,5.93,4.205,7.41,9.305,8.0,30.5,29.75,31.3,131.585,51.55,23.1,15.985,10.53,11.635,94.7,3.28,0.0,42.625,14.7,43.0,43.0,14.55,14.55,114.7,114.7,114.7,114.7,4.2,0.25,11.85,4.2,0.0,2.2,0.0,0.0,40.9,16.6,12.45,112.6,112.6,40.9,34.6,74.6,74.6,40.9,16.75,50.45,50.45,78.2,106.2,22.0,30.2,78.2,106.2,124.1,4.28,30.7,30.2,42.85,29.75,27.0,3.555,1.445,11.205,3.555,1.95,3.15,2.575,2.575,1.55,1.25,1.03,1.23,0.3,0.0,131.585,51.55,23.1,15.985,10.98,104.0,63.7,65.7,12.0,108.0,108.2,20.2,18.0,18.2,8.375,17.64,17.82,133.405,130.7,132.855,132.955,132.955,132.955,132.955,125.5,52.55,52.1,53.35,51.775,11.2
orange_rear_flash_bezel_top,125.7,25.9,22.4,126.175,135.44,135.44,135.62,135.62,116.2,135.42,135.615,135.615,135.615,135.615,135.615,117.2,127.3,9.05,5.93,4.205,7.41,9.305,6.45,27.85,27.1,28.65,133.785,48.9,23.1,15.535,10.53,11.635,96.9,3.28,0.0,39.975,16.9,40.35,40.35,14.55,14.55,116.9,116.9,116.9,116.9,6.4,0.25,11.85,3.75,2.2,0.0,0.0,0.0,38.25,18.8,12.45,114.8,114.8,38.25,36.8,76.8,76.8,38.25,16.3,47.8,47.8,80.4,108.4,22.0,32.4,80.4,108.4,126.3,4.28,32.9,32.4,45.05,31.95,24.35,5.755,1.445,11.205,3.105,1.95,3.15,4.775,2.4,1.55,1.25,1.03,1.23,0.3,0.0,133.785,48.9,23.1,15.535,10.98,106.2,65.9,67.9,9.35,110.2,110.4,22.4,20.2,20.4,7.925,17.19,17.37,135.605,132.9,135.055,135.155,135.155,135.155,135.155,127.7,49.9,49.45,55.55,49.125,13.4
orange_screw_boss_1,122.7,22.9,19.4,123.175,132.44,132.44,132.62,132.62,113.2,132.42,132.615,132.615,132.615,132.615,132.615,114.2,124.3,8.3,38.9,40.4,4.13,17.9,20.9,8.26,4.65,8.275,130.785,7.1,64.45,14.785,18.15,18.9,93.9,0.0,0.0,13.9,55.525,0.0,0.0,55.9,55.9,113.9,113.9,113.9,113.9,41.6,41.6,53.2,41.6,38.25,38.25,40.9,38.25,0.0,53.8,53.8,111.8,111.8,33.8,53.8,73.8,73.8,15.8,6.75,5.35,29.4,77.4,105.4,63.35,63.35,77.4,105.4,123.3,33.9,65.45,65.0,64.675,64.675,1.0,42.85,42.795,52.555,42.85,43.3,44.5,43.75,43.75,42.9,42.6,41.8,39.3,39.0,38.7,130.785,7.46,64.45,14.785,7.7,103.2,62.9,65.35,10.9,107.2,107.4,60.2,40.9,48.9,43.15,44.2,44.4,132.605,129.9,132.055,132.155,132.155,132.155,132.155,124.7,31.4,30.9,52.55,30.45,30.9
orange_screw_boss_10,102.7,2.9,0.0,103.175,112.44,112.44,112.62,112.62,93.2,112.42,112.615,112.615,112.615,112.615,112.615,94.2,104.3,28.3,16.4,13.3,4.13,28.1,25.7,43.4,42.65,44.2,110.785,64.45,7.1,34.785,29.04,28.6,73.9,0.0,0.0,55.525,0.0,55.9,55.9,17.9,17.9,93.9,93.9,93.9,93.9,11.4,12.4,12.4,23.0,16.15,16.6,16.6,18.8,53.8,0.0,15.8,91.8,91.8,53.8,13.8,53.8,53.8,53.8,6.75,63.35,63.35,63.35,85.4,9.4,9.4,57.4,85.4,103.3,9.9,9.9,9.4,22.05,8.95,39.9,12.595,13.1,13.1,22.355,13.1,14.3,13.675,21.375,12.7,12.4,13.55,17.2,16.9,16.6,110.785,64.45,7.46,34.785,7.7,83.2,42.9,44.9,24.9,87.2,87.4,2.2,0.8,0.56,27.175,36.44,36.62,112.605,109.9,112.055,112.155,112.155,112.155,112.155,104.7,65.45,65.0,64.675,64.675,0.5657
orange_screw_boss_2,122.7,22.9,19.4,123.175,132.44,132.44,132.62,132.62,113.2,132.42,132.615,132.615,132.615,132.615,132.615,114.2,124.3,8.3,2.65,0.925,4.13,17.9,20.9,43.4,42.65,44.2,130.785,64.45,7.1,14.785,18.15,18.9,93.9,0.0,0.0,55.525,13.9,55.9,55.9,0.0,0.0,113.9,113.9,113.9,113.9,3.4,11.2,0.46,3.0,12.45,15.1,12.45,12.45,53.8,15.8,0.0,111.8,111.8,53.8,33.8,73.8,73.8,53.8,6.75,63.35,63.35,77.4,105.4,5.35,29.4,77.4,105.4,123.3,8.9,29.9,29.4,42.05,28.95,39.9,2.755,10.555,0.795,2.355,1.3,2.5,1.775,1.75,0.9,0.831,11.4,13.5,13.2,12.9,130.785,64.45,7.46,14.785,7.7,103.2,62.9,64.9,24.9,107.2,107.4,19.4,17.2,17.4,7.175,16.44,16.62,132.605,129.9,132.055,132.155,132.155,132.155,132.155,124.7,65.45,65.0,64.675,64.675,10.4
orange_screw_boss_3,6.7,8.9,5.4,7.175,16.44,16.44,16.62,16.62,37.0,36.4,37.8,40.8,43.8,46.8,49.8,37.9,8.3,124.3,112.4,109.3,4.13,124.1,121.7,121.2,120.45,122.0,14.785,7.1,64.45,130.785,125.04,124.6,59.4,0.0,0.0,0.0,55.525,113.9,113.9,113.9,113.9,0.0,0.0,55.9,55.9,107.4,108.4,108.4,119.0,112.15,112.6,112.6,114.8,111.8,91.8,111.8,0.0,53.8,73.8,73.8,33.8,53.8,91.8,6.75,105.4,77.4,29.4,5.35,105.4,77.4,63.35,63.35,17.9,105.9,69.9,69.4,68.95,82.05,95.9,108.595,109.1,109.1,118.355,109.1,110.3,109.675,117.375,108.7,108.4,109.55,113.2,112.9,112.6,14.785,7.46,64.45,130.785,7.7,10.9,51.45,65.35,102.9,40.9,48.9,60.2,92.2,92.4,123.175,132.44,132.62,21.8,20.5,20.3,21.2,21.305,32.145,21.2,22.43,59.4,58.9,58.45,80.55,96.4
orange_screw_boss_4,52.9,8.9,5.4,43.15,48.2,43.2,48.4,43.4,0.0,16.42,16.615,16.615,16.615,16.615,16.615,0.9,8.3,124.3,112.4,109.3,4.13,124.1,121.7,121.2,120.45,122.0,14.785,64.45,7.1,130.785,125.04,124.6,5.9,0.0,0.0,55.525,0.0,113.9,113.9,113.9,113.9,55.9,55.9,0.0,0.0,107.4,108.4,108.4,119.0,112.15,112.6,112.6,114.8,111.8,91.8,111.8,53.8,0.0,73.8,73.8,53.8,33.8,91.8,6.75,105.4,77.4,63.35,63.35,105.4,77.4,29.4,5.35,17.9,105.9,69.9,69.4,68.95,82.05,95.9,108.595,109.1,109.1,118.355,109.1,110.3,109.675,117.375,108.7,108.4,109.55,113.2,112.9,112.6,14.785,64.45,7.46,130.785,7.7,10.9,26.9,28.9,102.9,2.2,2.4,4.4,92.2,92.4,123.175,132.44,132.62,21.8,20.5,20.3,21.2,32.145,21.305,21.2,22.43,65.45,65.0,64.675,80.55,96.4
orange_screw_boss_5,84.7,0.0,0.0,85.175,94.44,94.44,94.62,94.62,75.2,94.42,94.615,94.615,94.615,94.615,94.615,76.2,86.3,46.3,38.9,40.4,4.13,46.1,43.7,43.2,42.45,44.0,92.785,7.1,64.45,52.785,47.04,46.6,59.4,14.9,0.0,0.0,55.525,35.9,35.9,55.9,55.9,75.9,75.9,75.9,75.9,41.6,41.6,53.2,41.6,38.25,38.25,40.9,38.25,33.8,53.8,53.8,73.8,73.8,0.0,53.8,35.8,53.8,13.8,6.75,27.4,5.35,39.4,67.4,63.35,63.35,63.35,67.4,85.3,33.9,65.45,65.0,64.675,64.675,17.9,42.85,42.795,52.555,42.85,43.3,44.5,43.75,43.75,42.9,42.6,41.8,39.3,39.0,38.7,92.785,7.46,64.45,52.785,7.7,65.2,51.45,65.35,24.9,69.2,69.4,60.2,40.9,48.9,45.175,54.44,54.62,94.605,91.9,94.055,94.155,94.155,94.155,94.155,86.7,7.45,7.0,14.55,6.675,30.9
orange_screw_boss_6,84.7,0.0,0.0,85.175,94.44,94.44,94.62,94.62,75.2,94.42,94.615,94.615,94.615,94.615,94.615,76.2,86.3,46.3,34.4,31.3,4.13,46.1,43.7,43.4,42.65,44.2,92.785,64.45,7.1,52.785,47.04,46.6,55.9,14.9,0.0,55.525,0.0,55.9,55.9,35.9,35.9,75.9,75.9,75.9,75.9,29.4,30.4,30.4,41.0,34.15,34.6,34.6,36.8,53.8,13.8,33.8,73.8,73.8,53.8,0.0,53.8,35.8,53.8,6.75,63.35,63.35,63.35,67.4,27.4,5.35,39.4,67.4,85.3,27.9,7.45,7.0,6.675,6.675,39.9,30.595,31.1,31.1,40.355,31.1,32.3,31.675,39.375,30.7,30.4,31.55,35.2,34.9,34.6,92.785,64.45,7.46,52.785,7.7,65.2,24.9,26.9,24.9,69.2,69.4,2.2,14.2,14.4,45.175,54.44,54.62,94.605,91.9,94.055,94.155,94.155,94.155,94.155,86.7,65.45,65.0,64.675,64.675,18.4
orange_screw_boss_7,44.7,0.0,0.0,45.175,54.44,54.44,54.62,54.62,37.0,54.42,54.615,54.615,54.615,54.615,54.615,37.9,46.3,86.3,74.4,71.3,4.13,86.1,83.7,83.2,82.45,84.0,52.785,7.1,64.45,92.785,87.04,86.6,59.4,28.9,0.0,0.0,55.525,75.9,75.9,75.9,75.9,35.9,35.9,55.9,55.9,69.4,70.4,70.4,81.0,74.15,74.6,74.6,76.8,73.8,53.8,73.8,33.8,53.8,35.8,53.8,0.0,53.8,53.8,6.75,67.4,39.4,5.35,27.4,67.4,63.35,63.35,63.35,45.3,67.9,65.45,65.0,64.675,64.675,57.9,70.595,71.1,71.1,80.355,71.1,72.3,71.675,79.375,70.7,70.4,71.55,75.2,74.9,74.6,52.785,7.46,64.45,92.785,7.7,25.2,51.45,65.35,64.9,40.9,48.9,60.2,54.2,54.4,85.175,94.44,94.62,54.605,51.9,54.055,54.155,54.155,54.155,54.155,46.7,21.4,20.9,20.45,42.55,58.4
orange_screw_boss_8,52.9,0.0,0.0,45.175,54.44,54.44,54.62,54.62,35.2,54.42,54.615,54.615,54.615,54.615,54.615,36.2,46.3,86.3,74.4,71.3,4.13,86.1,83.7,83.2,82.45,84.0,52.785,64.45,7.1,92.785,87.04,86.6,15.9,28.9,0.0,55.525,0.0,75.9,75.9,75.9,75.9,55.9,55.9,35.9,35.9,69.4,70.4,70.4,81.0,74.15,74.6,74.6,76.8,73.8,53.8,73.8,53.8,33.8,53.8,35.8,53.8,0.0,53.8,6.75,67.4,63.35,63.35,63.35,67.4,39.4,5.35,27.4,45.3,67.9,31.9,31.4,30.95,44.05,57.9,70.595,71.1,71.1,80.355,71.1,72.3,71.675,79.375,70.7,70.4,71.55,75.2,74.9,74.6,52.785,64.45,7.46,92.785,7.7,25.2,0.7,7.35,64.9,29.2,29.4,2.2,54.2,54.4,85.175,94.44,94.62,54.605,51.9,54.055,54.155,54.155,54.155,54.155,46.7,65.45,65.0,64.675,64.675,58.4
orange_screw_boss_9,102.7,2.9,0.0,103.175,112.44,112.44,112.62,112.62,93.2,112.42,112.615,112.615,112.615,112.615,112.615,94.2,104.3,28.3,38.9,40.4,4.13,28.1,25.7,25.2,24.45,26.0,110.785,7.1,64.45,34.785,29.04,28.6,73.9,0.0,0.0,0.0,55.525,17.9,17.9,55.9,55.9,93.9,93.9,93.9,93.9,41.6,41.6,53.2,41.6,38.25,38.25,40.9,38.25,15.8,53.8,53.8,91.8,91.8,13.8,53.8,53.8,53.8,0.0,6.75,9.4,9.4,57.4,85.4,63.35,63.35,63.35,85.4,103.3,33.9,65.45,65.0,64.675,64.675,1.0,42.85,42.795,52.555,42.85,43.3,44.5,43.75,43.75,42.9,42.6,41.8,39.3,39.0,38.7,110.785,7.46,64.45,34.785,7.7,83.2,51.45,65.35,10.9,87.2,87.4,60.2,40.9,48.9,43.15,44.2,44.4,112.605,109.9,112.055,112.155,112.155,112.155,112.155,104.7,11.4,10.9,32.55,10.45,30.9
orange_side_frame,6.85,7.85,5.85,5.725,0.0,0.0,0.1,0.1,5.35,0.0,0.075,0.075,0.075,0.075,0.075,6.35,1.25,1.25,3.85,5.35,2.3816,5.45,3.85,5.35,4.6,6.15,0.0,0.0,0.0,0.0,6.39,5.95,0.0,5.85,0.0,8.475,8.475,1.85,7.95,1.85,7.95,1.85,7.95,1.85,7.95,10.55,12.55,10.55,10.55,18.95,16.75,16.75,16.3,6.75,6.75,6.75,6.75,6.75,6.75,6.75,6.75,6.75,6.75,0.0,0.1,0.1,0.1,0.1,0.1,0.1,0.1,0.1,6.25,15.65,0.3,0.0,0.0,0.0,6.85,11.8,13.25,11.745,11.8,12.25,13.45,12.7,12.7,11.85,11.55,13.7,17.35,17.05,16.75,0.0,0.0,0.0,0.0,0.0,19.35,0.0,0.0,12.65,7.85,3.35,2.15,7.85,3.35,5.725,0.0,0.1,0.3,0.0,0.0,0.0,0.0,0.0,0.0,0.325,0.3,0.0,0.0,0.0,0.0
orange_snap_hook_1,116.3,16.5,13.0,116.775,126.04,126.04,126.22,126.22,106.8,126.02,126.215,126.215,126.215,126.215,126.215,107.8,117.9,13.9,48.45,49.95,1.93,27.45,30.45,14.95,14.2,15.75,124.385,4.9,74.0,20.385,27.7,28.45,87.5,4.45,3.0,7.5,65.075,3.5,6.55,65.45,65.45,107.5,107.5,107.5,107.5,51.15,51.15,62.75,51.15,47.8,47.8,50.45,47.8,5.35,63.35,63.35,105.4,105.4,27.4,63.35,67.4,67.4,9.4,0.1,0.0,23.0,71.0,99.0,72.9,72.9,72.9,99.0,116.9,43.45,75.0,74.55,74.225,74.225,5.45,52.4,52.345,62.105,52.4,52.85,54.05,53.3,53.3,52.45,52.15,51.35,48.85,48.55,48.25,124.385,5.26,74.0,20.385,5.5,96.8,61.0,74.9,20.45,100.8,101.0,69.75,50.45,58.45,52.7,53.75,53.95,126.205,123.5,125.655,125.755,125.755,125.755,125.755,118.3,25.0,24.5,46.15,24.05,40.45
orange_snap_hook_2,88.3,6.45,4.45,88.775,98.04,98.04,98.22,98.22,78.8,98.02,98.215,98.215,98.215,98.215,98.215,79.8,89.9,41.9,48.45,49.95,1.93,41.7,39.3,38.8,38.05,39.6,96.385,4.9,74.0,48.385,42.64,42.2,68.95,4.45,3.0,7.075,65.075,31.5,31.5,65.45,65.45,79.5,79.5,79.5,79.5,51.15,51.15,62.75,51.15,47.8,47.8,50.45,47.8,29.4,63.35,63.35,77.4,77.4,5.35,63.35,39.4,63.35,9.4,0.1,23.0,0.0,43.0,71.0,72.9,72.9,72.9,72.9,88.9,43.45,75.0,74.55,74.225,74.225,13.5,52.4,52.345,62.105,52.4,52.85,54.05,53.3,53.3,52.45,52.15,51.35,48.85,48.55,48.25,96.385,5.26,74.0,48.385,5.5,68.8,61.0,74.9,20.5,72.8,73.0,69.75,50.45,58.45,52.7,53.75,53.95,98.205,95.5,97.655,97.755,97.755,97.755,97.755,90.3,0.8,0.35,18.15,0.025,40.45
orange_snap_hook_3,40.3,6.45,4.45,40.775,50.04,50.04,50.22,50.22,46.55,50.02,50.215,50.35,53.35,56.35,59.35,47.45,41.9,89.9,78.0,74.9,1.93,89.7,87.3,86.8,86.05,87.6,48.385,4.9,74.0,96.385,90.64,90.2,68.95,4.45,3.0,7.075,65.075,79.5,79.5,79.5,79.5,31.5,31.5,65.45,65.45,73.0,74.0,74.0,84.6,77.75,78.2,78.2,80.4,77.4,63.35,77.4,29.4,63.35,39.4,63.35,5.35,63.35,57.4,0.1,71.0,43.0,0.0,23.0,72.9,72.9,72.9,72.9,40.9,71.5,75.0,74.55,74.225,74.225,61.5,74.195,74.7,74.7,83.955,74.7,75.9,75.275,82.975,74.3,74.0,75.15,78.8,78.5,78.2,48.385,5.26,74.0,96.385,5.5,20.8,61.0,74.9,68.5,50.45,58.45,69.75,57.8,58.45,88.775,98.04,98.22,50.205,47.5,49.655,49.755,49.755,49.755,49.755,42.3,25.0,24.5,24.05,46.15,62.0
orange_snap_hook_4,12.3,6.45,4.45,16.7,22.04,22.04,22.22,22.22,46.55,45.95,47.35,50.35,53.35,56.35,59.35,47.45,13.9,117.9,106.0,102.9,1.93,117.7,115.3,114.8,114.05,115.6,20.385,4.9,74.0,124.385,118.64,118.2,68.95,4.45,3.0,7.075,65.075,107.5,107.5,107.5,107.5,3.5,6.55,65.45,65.45,101.0,102.0,102.0,112.6,105.75,106.2,106.2,108.4,105.4,85.4,105.4,5.35,63.35,67.4,67.4,27.4,63.35,85.4,0.1,99.0,71.0,23.0,0.0,99.0,72.9,72.9,72.9,27.45,99.5,75.0,74.55,74.225,75.65,89.5,102.195,102.7,102.7,111.955,102.7,103.9,103.275,110.975,102.3,102.0,103.15,106.8,106.5,106.2,20.385,5.26,74.0,124.385,5.5,20.45,61.0,74.9,96.5,50.45,58.45,69.75,85.8,86.0,116.775,126.04,126.22,31.35,30.05,29.85,30.75,30.855,41.695,30.75,31.98,53.0,52.5,52.05,74.15,90.0
orange_snap_hook_5,116.3,16.5,13.0,116.775,126.04,126.04,126.22,126.22,106.8,126.02,126.215,126.215,126.215,126.215,126.215,107.8,117.9,13.9,2.45,3.95,1.93,27.45,30.45,52.95,52.2,53.75,124.385,74.0,4.9,20.385,27.7,28.45,87.5,4.45,3.0,65.075,7.5,65.45,65.45,3.5,6.55,107.5,107.5,107.5,107.5,9.15,20.75,9.15,9.15,22.0,24.65,22.0,22.0,63.35,9.4,5.35,105.4,105.4,63.35,27.4,67.4,67.4,63.35,0.1,72.9,72.9,72.9,99.0,0.0,23.0,71.0,99.0,116.9,18.45,23.5,23.0,35.65,22.55,49.45,10.4,20.105,10.345,10.4,10.85,12.05,11.3,11.3,10.45,10.15,20.95,23.05,22.75,22.45,124.385,74.0,5.26,20.385,5.5,96.8,56.5,58.5,34.45,100.8,101.0,13.0,10.8,11.0,16.7,22.04,22.22,126.205,123.5,125.655,125.755,125.755,125.755,125.755,118.3,75.0,74.55,74.225,74.225,4.0
orange_snap_hook_6,88.3,6.45,4.45,88.775,98.04,98.04,98.22,98.22,78.8,98.02,98.215,98.215,98.215,98.215,98.215,79.8,89.9,41.9,30.0,26.9,1.93,41.7,39.3,52.95,52.2,53.75,96.385,74.0,4.9,48.385,42.64,42.2,59.5,4.45,3.0,65.075,7.075,65.45,65.45,31.5,31.5,79.5,79.5,79.5,79.5,25.0,26.0,26.0,36.6,29.75,30.2,30.2,32.4,63.35,9.4,29.4,77.4,77.4,63.35,5.35,63.35,39.4,63.35,0.1,72.9,72.9,72.9,72.9,23.0,0.0,43.0,71.0,88.9,23.5,0.8,0.35,7.65,0.025,49.45,26.195,26.7,26.7,35.955,26.7,27.9,27.275,34.975,26.3,26.0,27.15,30.8,30.5,30.2,96.385,74.0,5.26,48.385,5.5,68.8,28.5,30.5,34.45,72.8,73.0,0.7524,9.8,10.0,40.775,50.04,50.22,98.205,95.5,97.655,97.755,97.755,97.755,97.755,90.3,75.0,74.55,74.225,74.225,14.0
orange_snap_hook_7,62.45,6.45,4.45,52.7,57.75,52.75,57.95,52.95,30.8,50.02,50.215,50.215,50.215,50.215,50.215,31.8,41.9,89.9,78.0,74.9,1.93,89.7,87.3,86.8,86.05,87.6,48.385,74.0,4.9,96.385,90.64,90.2,11.5,4.45,3.0,65.075,7.075,79.5,79.5,79.5,79.5,65.45,65.45,31.5,31.5,73.0,74.0,74.0,84.6,77.75,78.2,78.2,80.4,77.4,57.4,77.4,63.35,29.4,63.35,39.4,63.35,5.35,63.35,0.1,72.9,72.9,72.9,72.9,71.0,43.0,0.0,23.0,40.9,71.5,35.5,35.0,34.55,47.65,61.5,74.195,74.7,74.7,83.955,74.7,75.9,75.275,82.975,74.3,74.0,75.15,78.8,78.5,78.2,48.385,74.0,5.26,96.385,5.5,20.8,0.0,0.7,68.5,24.8,25.0,0.7524,57.8,58.0,88.775,98.04,98.22,50.205,47.5,49.655,49.755,49.755,49.755,49.755,42.3,75.0,74.55,74.225,74.225,62.0
orange_snap_hook_8,62.45,6.45,4.45,52.7,57.75,52.75,57.95,52.95,8.35,22.02,24.35,22.215,22.215,22.215,22.215,10.45,13.9,117.9,106.0,102.9,1.93,117.7,115.3,114.8,114.05,115.6,20.385,74.0,4.9,124.385,118.64,118.2,0.25,4.45,3.0,65.075,7.075,107.5,107.5,107.5,107.5,65.45,65.45,3.5,6.55,101.0,102.0,102.0,112.6,105.75,106.2,106.2,108.4,105.4,85.4,105.4,63.35,5.35,67.4,67.4,63.35,27.4,85.4,0.1,99.0,72.9,72.9,72.9,99.0,71.0,23.0,0.0,27.45,99.5,63.5,63.0,62.55,75.65,89.5,102.195,102.7,102.7,111.955,102.7,103.9,103.275,110.975,102.3,102.0,103.15,106.8,106.5,106.2,20.385,74.0,5.26,124.385,5.5,20.45,20.5,22.5,96.5,6.45,1.95,0.7524,85.8,86.0,116.775,126.04,126.22,31.35,30.05,29.85,30.75,41.695,30.855,30.75,31.98,75.0,74.55,74.225,74.225,90.0
orange_usb_reinforcement_saddle,17.0,20.4,16.9,7.25,12.3,7.3,12.5,7.5,1.1,7.12,7.315,7.315,7.9,10.9,13.9,2.0,0.0,135.8,123.9,120.8,3.53,135.6,133.2,132.7,131.95,133.5,6.5,28.55,28.55,142.285,136.54,136.1,23.5,1.4,0.8,19.625,19.625,125.4,125.4,125.4,125.4,20.0,20.0,20.0,20.0,118.9,119.9,119.9,130.5,123.65,124.1,124.1,126.3,123.3,103.3,123.3,17.9,17.9,85.3,85.3,45.3,45.3,103.3,6.25,116.9,88.9,40.9,27.45,116.9,88.9,40.9,27.45,0.0,117.4,81.4,80.9,80.45,93.55,107.4,120.095,120.6,120.6,129.855,120.6,121.8,121.175,128.875,120.2,119.9,121.05,124.7,124.4,124.1,6.86,28.55,28.55,142.285,7.1,11.1,38.4,40.4,114.4,13.7,13.9,24.3,103.7,103.9,134.675,143.94,144.12,7.305,4.6,6.755,6.855,6.855,6.855,6.855,0.0,70.9,70.4,69.95,92.05,107.9
pmic_shield_can,116.8,17.0,13.5,117.275,126.54,126.54,126.72,126.72,107.3,126.52,126.715,126.715,126.715,126.715,126.715,108.3,118.4,8.4,0.55,0.0,2.03,8.2,5.8,23.5,22.75,24.3,124.885,44.55,19.55,14.885,9.14,8.7,88.0,0.2,3.2,35.625,10.625,36.0,36.0,11.0,11.0,108.0,108.0,108.0,108.0,4.26,4.26,8.3,4.26,4.28,4.28,4.28,4.28,33.9,9.9,8.9,105.9,105.9,33.9,27.9,67.9,67.9,33.9,15.65,43.45,43.45,71.5,99.5,18.45,23.5,71.5,99.5,117.4,0.0,24.0,23.5,36.15,23.05,20.0,3.69,3.69,7.655,3.69,3.85,3.85,3.775,3.775,0.0,4.375,1.15,2.35,3.9,4.375,124.885,44.55,19.55,14.885,5.6,97.3,57.0,59.0,5.0,101.3,101.5,15.3,11.3,11.5,7.275,16.54,16.72,126.705,124.0,126.155,126.255,126.255,126.255,126.255,118.8,45.55,45.1,46.65,44.775,4.5
power_button_cap,80.8,8.55,6.55,81.275,90.54,90.54,90.72,90.72,71.3,90.52,90.715,90.715,90.715,90.715,90.715,72.3,82.4,42.4,30.5,27.4,3.16,42.2,39.8,55.05,54.3,55.85,88.885,76.1,4.45,48.885,43.14,42.7,52.0,6.55,3.75,67.175,9.175,67.55,67.55,32.0,32.0,72.0,72.0,72.0,72.0,25.5,26.5,26.5,37.1,30.25,30.7,30.7,32.9,65.45,9.9,29.9,69.9,69.9,65.45,7.45,65.45,31.9,65.45,0.3,75.0,75.0,75.0,75.0,23.5,0.8,35.5,63.5,81.4,24.0,0.0,0.0,0.2704,0.2704,51.55,26.695,27.2,27.2,36.455,27.2,28.4,27.775,35.475,26.8,26.5,27.65,31.3,31.0,30.7,88.885,76.1,4.81,48.885,5.05,61.3,21.0,23.0,36.55,65.3,65.5,2.85,10.3,10.5,41.275,50.54,50.72,90.705,88.0,90.155,90.255,90.255,90.255,90.255,82.8,77.1,76.65,76.325,76.325,14.5
power_button_elastomer_gasket,80.3,8.1,6.1,80.775,90.04,90.04,90.22,90.22,70.8,90.02,90.215,90.215,90.215,90.215,90.215,71.8,81.9,41.9,30.0,26.9,2.71,41.7,39.3,54.6,53.85,55.4,88.385,75.65,4.225,48.385,42.64,42.2,51.5,6.1,3.525,66.725,8.725,67.1,67.1,31.5,31.5,71.5,71.5,71.5,71.5,25.0,26.0,26.0,36.6,29.75,30.2,30.2,32.4,65.0,9.4,29.4,69.4,69.4,65.0,7.0,65.0,31.4,65.0,0.0,74.55,74.55,74.55,74.55,23.0,0.35,35.0,63.0,80.9,23.5,0.0,0.0,0.0,0.0,51.1,26.195,26.7,26.7,35.955,26.7,27.9,27.275,34.975,26.3,26.0,27.15,30.8,30.5,30.2,88.385,75.65,4.585,48.385,4.825,60.8,20.5,22.5,36.1,64.8,65.0,2.4,9.8,10.0,40.775,50.04,50.22,90.205,87.5,89.655,89.755,89.755,89.755,89.755,82.3,76.65,76.2,75.875,75.875,14.0
power_button_labyrinth_lower_rail,79.85,7.775,5.775,80.325,89.59,89.59,89.77,89.77,70.35,89.57,89.765,89.765,89.765,89.765,89.765,71.35,81.45,54.55,42.65,39.55,2.385,54.35,51.95,54.275,53.525,55.075,87.935,75.325,4.075,61.035,55.29,54.85,51.05,5.775,3.375,66.4,8.4,66.775,66.775,44.15,44.15,71.05,71.05,71.05,71.05,37.65,38.65,38.65,49.25,42.4,42.85,42.85,45.05,64.675,22.05,42.05,68.95,68.95,64.675,6.675,64.675,30.95,64.675,0.0,74.225,74.225,74.225,74.225,35.65,7.65,34.55,62.55,80.45,36.15,0.2704,0.0,0.0,12.3,50.775,38.845,39.35,39.35,48.605,39.35,40.55,39.925,47.625,38.95,38.65,39.8,43.45,43.15,42.85,87.935,75.325,4.435,61.035,4.675,60.35,20.05,22.05,35.775,64.35,64.55,2.075,22.45,22.65,53.425,62.69,62.87,89.755,87.05,89.205,89.305,89.305,89.305,89.305,81.85,76.325,75.875,75.55,75.55,26.65
power_button_labyrinth_upper_rail,92.95,7.775,5.775,93.425,102.69,102.69,102.87,102.87,83.45,102.67,102.865,102.865,102.865,102.865,102.865,84.45,94.55,41.45,29.55,26.45,2.385,41.25,38.85,54.275,53.525,55.075,101.035,75.325,4.075,47.935,42.19,41.75,64.15,5.775,3.375,66.4,8.4,66.775,66.775,31.05,31.05,84.15,84.15,84.15,84.15,24.55,25.55,25.55,36.15,29.3,29.75,29.75,31.95,64.675,8.95,28.95,82.05,82.05,64.675,6.675,64.675,44.05,64.675,0.0,74.225,74.225,74.225,75.65,22.55,0.025,47.65,75.65,93.55,23.05,0.2704,0.0,12.3,0.0,50.775,25.745,26.25,26.25,35.505,26.25,27.45,26.825,34.525,25.85,25.55,26.7,30.35,30.05,29.75,101.035,75.325,4.435,47.935,4.675,73.45,33.15,35.15,35.775,77.45,77.65,2.075,9.35,9.55,40.325,49.59,49.77,102.855,100.15,102.305,102.405,102.405,102.405,102.405,94.95,76.325,75.875,75.55,75.55,13.55
radio_shield_can,106.8,7.0,3.5,107.275,116.54,116.54,116.72,116.72,97.3,116.52,116.715,116.715,116.715,116.715,116.715,98.3,108.4,8.4,25.0,26.5,1.93,8.2,7.0,6.06,4.55,6.1,114.885,6.55,50.55,14.885,9.14,8.7,78.0,0.2,3.2,0.8,41.625,1.2,1.2,42.0,42.0,98.0,98.0,98.0,98.0,27.7,27.7,39.3,27.7,24.35,24.35,27.0,24.35,1.0,39.9,39.9,95.9,95.9,17.9,39.9,57.9,57.9,1.0,6.85,5.45,13.5,61.5,89.5,49.45,49.45,61.5,89.5,107.4,20.0,51.55,51.1,50.775,50.775,0.0,28.95,28.895,38.655,28.95,29.4,30.6,29.85,29.85,29.0,28.7,27.9,25.4,25.1,24.8,114.885,6.55,50.55,14.885,5.5,87.3,47.0,51.45,0.0,91.3,91.5,46.3,27.0,35.0,29.25,30.3,30.5,116.705,114.0,116.155,116.255,116.255,116.255,116.255,108.8,15.5,15.0,36.65,14.55,17.0
rear_camera_cover_adhesive_bottom,119.495,19.695,16.195,119.97,129.235,129.235,129.415,129.415,109.995,129.215,129.41,129.41,129.41,129.41,129.41,110.995,121.095,15.255,5.34,3.615,6.82,15.055,12.655,32.45,31.7,33.25,127.58,53.5,11.5,21.74,15.995,15.555,90.695,2.69,0.195,44.575,10.695,44.95,44.95,4.855,4.855,110.695,110.695,110.695,110.695,0.454,0.4802,0.4802,9.955,3.105,4.15,3.555,5.755,42.85,12.595,2.755,108.595,108.595,42.85,30.595,70.595,70.595,42.85,11.8,52.4,52.4,74.195,102.195,10.4,26.195,74.195,102.195,120.095,3.69,26.695,26.195,38.845,25.745,28.95,0.0,0.055,0.055,9.31,0.055,1.255,0.63,8.33,0.89,0.525,0.8069,4.155,3.855,3.555,127.58,53.5,11.5,21.74,10.39,99.995,59.695,61.695,13.95,103.995,104.195,16.195,13.995,14.195,14.13,23.395,23.575,129.4,126.695,128.85,128.95,128.95,128.95,128.95,121.495,54.5,54.05,53.725,53.725,7.195
rear_camera_cover_adhesive_left,120.0,20.2,16.7,120.475,129.74,129.74,129.92,129.92,110.5,129.72,129.915,129.915,129.915,129.915,129.915,111.5,121.6,6.0,5.34,3.615,6.82,8.715,9.895,32.395,31.645,33.195,128.085,53.445,21.205,12.485,9.94,11.045,91.2,2.69,0.195,44.52,12.28,44.895,44.895,12.655,12.655,111.2,111.2,111.2,111.2,0.8112,0.454,9.955,0.8112,1.445,4.095,1.445,1.445,42.795,13.1,10.555,109.1,109.1,42.795,31.1,71.1,71.1,42.795,13.25,52.345,52.345,74.7,102.7,20.105,26.7,74.7,102.7,120.6,3.69,27.2,26.7,39.35,26.25,28.895,0.055,0.0,9.31,0.055,0.055,1.255,0.505,0.505,0.89,0.525,0.5913,2.495,2.195,1.895,128.085,53.445,21.205,12.485,10.39,100.5,60.2,62.2,13.895,104.5,104.7,16.955,14.5,14.7,4.875,14.14,14.32,129.905,127.2,129.355,129.455,129.455,129.455,129.455,122.0,54.445,53.995,53.67,53.67,7.7
rear_camera_cover_adhesive_right,120.0,20.2,16.7,120.475,129.74,129.74,129.92,129.92,110.5,129.72,129.915,129.915,129.915,129.915,129.915,111.5,121.6,6.0,5.34,3.615,6.82,16.655,19.655,42.155,41.405,42.955,128.085,63.205,11.445,12.485,16.905,17.655,91.2,2.69,0.195,54.28,11.2,54.655,54.655,2.895,2.895,111.2,111.2,111.2,111.2,0.8112,9.955,0.454,0.8112,11.205,13.855,11.205,11.205,52.555,13.1,0.795,109.1,109.1,52.555,31.1,71.1,71.1,52.555,11.745,62.105,62.105,74.7,102.7,10.345,26.7,74.7,102.7,120.6,7.655,27.2,26.7,39.35,26.25,38.655,0.055,9.31,0.0,0.055,0.055,1.255,0.505,0.505,0.89,0.525,10.155,12.255,11.955,11.655,128.085,63.205,11.445,12.485,10.39,100.5,60.2,62.2,23.655,104.5,104.7,16.7,14.5,14.7,5.905,14.14,14.32,129.905,127.2,129.355,129.455,129.455,129.455,129.455,122.0,64.205,63.755,63.43,63.43,7.7
rear_camera_cover_adhesive_top,129.255,29.455,25.955,129.73,138.995,138.995,139.175,139.175,119.755,138.975,139.17,139.17,139.17,139.17,139.17,120.755,130.855,5.495,5.34,5.855,6.82,8.715,9.95,32.45,31.7,33.25,137.34,53.5,11.5,11.98,9.94,11.045,100.455,2.69,0.195,44.575,20.455,44.95,44.95,3.555,2.95,120.455,120.455,120.455,120.455,9.955,0.4802,0.4802,0.454,5.755,4.15,3.555,3.105,42.85,22.355,2.355,118.355,118.355,42.85,40.355,80.355,80.355,42.85,11.8,52.4,52.4,83.955,111.955,10.4,35.955,83.955,111.955,129.855,3.69,36.455,35.955,48.605,35.505,28.95,9.31,0.055,0.055,0.0,0.055,1.255,8.33,0.63,0.89,0.525,0.8069,4.155,3.855,3.555,137.34,53.5,11.5,11.98,10.39,109.755,69.455,71.455,13.95,113.755,113.955,25.955,23.755,23.955,4.37,13.635,13.815,139.16,136.455,138.61,138.71,138.71,138.71,138.71,131.255,54.5,54.05,59.105,53.725,16.955
rear_camera_cover_glass,120.0,20.2,16.7,120.475,129.74,129.74,129.92,129.92,110.5,129.72,129.915,129.915,129.915,129.915,129.915,111.5,121.6,6.0,5.5,3.775,6.98,8.875,10.4,32.9,32.15,33.7,128.085,53.95,11.95,12.485,10.1,11.205,91.2,2.85,0.7,45.025,11.2,45.4,45.4,3.4,3.4,111.2,111.2,111.2,111.2,0.7,0.7,0.7,0.7,1.95,4.6,1.95,1.95,43.3,13.1,1.3,109.1,109.1,43.3,31.1,71.1,71.1,43.3,12.25,52.85,52.85,74.7,102.7,10.85,26.7,74.7,102.7,120.6,3.85,27.2,26.7,39.35,26.25,29.4,0.055,0.055,0.055,0.055,0.0,0.0,0.0,0.0,1.05,0.0,1.0817,3.0,2.7,2.4,128.085,53.95,11.95,12.485,10.55,100.5,60.2,62.2,14.4,104.5,104.7,16.7,14.5,14.7,4.875,14.14,14.32,129.905,127.2,129.355,129.455,129.455,129.455,129.455,122.0,54.95,54.5,54.175,54.175,7.7
rear_camera_lens_window,121.2,21.4,17.9,121.675,130.94,130.94,131.12,131.12,111.7,130.92,131.115,131.115,131.115,131.115,131.115,112.7,122.8,7.2,5.5,3.775,6.98,8.875,11.6,34.1,33.35,34.9,129.285,55.15,13.15,13.685,10.1,11.205,92.4,2.85,1.9,46.225,12.4,46.6,46.6,4.6,4.6,112.4,112.4,112.4,112.4,1.9,1.9,1.9,1.9,3.15,5.8,3.15,3.15,44.5,14.3,2.5,110.3,110.3,44.5,32.3,72.3,72.3,44.5,13.45,54.05,54.05,75.9,103.9,12.05,27.9,75.9,103.9,121.8,3.85,28.4,27.9,40.55,27.45,30.6,1.255,1.255,1.255,1.255,0.0,0.0,0.275,0.275,1.05,0.0,2.1,4.2,3.9,3.6,129.285,55.15,13.15,13.685,10.55,101.7,61.4,63.4,15.6,105.7,105.9,17.9,15.7,15.9,6.075,15.34,15.52,131.105,128.4,130.555,130.655,130.655,130.655,130.655,123.2,56.15,55.7,55.375,55.375,8.9
rear_camera_light_baffle_bottom,120.575,20.775,17.275,121.05,130.315,130.315,130.495,130.495,111.075,130.295,130.49,130.49,130.49,130.49,130.49,112.075,122.175,14.275,5.425,3.7,6.905,14.075,11.675,33.35,32.6,34.15,128.66,54.4,12.4,20.76,15.015,14.575,91.775,2.775,1.15,45.475,11.775,45.85,45.85,3.875,3.875,111.775,111.775,111.775,111.775,1.275,1.15,1.15,8.975,2.4,5.05,2.575,4.775,43.75,13.675,1.775,109.675,109.675,43.75,31.675,71.675,71.675,43.75,12.7,53.3,53.3,75.275,103.275,11.3,27.275,75.275,103.275,121.175,3.775,27.775,27.275,39.925,26.825,29.85,0.63,0.505,0.505,8.33,0.0,0.275,0.0,7.35,0.975,0.05,1.35,3.45,3.15,2.85,128.66,54.4,12.4,20.76,10.475,101.075,60.775,62.775,14.85,105.075,105.275,17.275,15.075,15.275,13.15,22.415,22.595,130.48,127.775,129.93,130.03,130.03,130.03,130.03,122.575,55.4,54.95,54.625,54.625,8.275
rear_camera_light_baffle_top,128.275,28.475,24.975,128.75,138.015,138.015,138.195,138.195,118.775,137.995,138.19,138.19,138.19,138.19,138.19,119.775,129.875,6.575,5.425,4.875,6.905,8.8,10.85,33.35,32.6,34.15,136.36,54.4,12.4,13.06,10.025,11.13,99.475,2.775,1.15,45.475,19.475,45.85,45.85,3.85,3.85,119.475,119.475,119.475,119.475,8.975,1.15,1.15,1.275,4.775,5.05,2.575,2.4,43.75,21.375,1.75,117.375,117.375,43.75,39.375,79.375,79.375,43.75,12.7,53.3,53.3,82.975,110.975,11.3,34.975,82.975,110.975,128.875,3.775,35.475,34.975,47.625,34.525,29.85,8.33,0.505,0.505,0.63,0.0,0.275,7.35,0.0,0.975,0.05,1.35,3.45,3.15,2.85,136.36,54.4,12.4,13.06,10.475,108.775,68.475,70.475,14.85,112.775,112.975,24.975,22.775,22.975,5.45,14.715,14.895,138.18,135.475,137.63,137.73,137.73,137.73,137.73,130.275,55.4,54.95,58.125,54.625,15.975
rear_camera_module,119.6,19.8,16.3,120.075,129.34,129.34,129.52,129.52,110.1,129.32,129.515,129.515,129.515,129.515,129.515,111.1,121.2,5.6,0.0,0.0,0.83,7.0,10.0,32.5,31.75,33.3,127.685,53.55,11.55,12.085,7.25,8.0,90.8,0.0,0.5,44.625,10.8,45.0,45.0,3.0,3.0,110.8,110.8,110.8,110.8,1.46,1.46,1.46,1.46,1.55,4.2,1.55,1.55,42.9,12.7,0.9,108.7,108.7,42.9,30.7,70.7,70.7,42.9,11.85,52.45,52.45,74.3,102.3,10.45,26.3,74.3,102.3,120.2,0.0,26.8,26.3,38.95,25.85,29.0,0.89,0.89,0.89,0.89,1.05,1.05,0.975,0.975,0.0,1.575,0.5,2.6,2.3,2.0,127.685,53.55,11.55,12.085,4.4,100.1,59.8,61.8,14.0,104.1,104.3,16.3,14.1,14.3,4.475,13.74,13.92,129.505,126.8,128.955,129.055,129.055,129.055,129.055,121.6,54.55,54.1,53.775,53.775,7.3
rear_camera_shell_aperture,119.3,19.5,16.0,119.775,129.04,129.04,129.22,129.22,109.8,129.02,129.215,129.215,129.215,129.215,129.215,110.8,120.9,5.3,6.025,4.3,7.505,9.4,9.7,32.2,31.45,33.0,127.385,53.25,11.25,11.785,10.625,11.73,90.5,3.375,0.0,44.325,10.5,44.7,44.7,2.7,2.7,110.5,110.5,110.5,110.5,0.0,0.0,0.0,0.0,1.25,3.9,1.25,1.25,42.6,12.4,0.831,108.4,108.4,42.6,30.4,70.4,70.4,42.6,11.55,52.15,52.15,74.0,102.0,10.15,26.0,74.0,102.0,119.9,4.375,26.5,26.0,38.65,25.55,28.7,0.525,0.525,0.525,0.525,0.0,0.0,0.05,0.05,1.575,0.0,1.125,2.3,2.0,1.7,127.385,53.25,11.25,11.785,11.075,99.8,59.5,61.5,13.7,103.8,104.0,16.0,13.8,14.0,4.175,13.44,13.62,129.205,126.5,128.655,128.755,128.755,128.755,128.755,121.3,54.25,53.8,53.475,53.475,7.0
rear_flash_camera_septum,120.45,20.65,17.15,120.925,130.19,130.19,130.37,130.37,110.95,130.17,130.365,130.365,130.365,130.365,130.365,111.95,122.05,6.45,2.8,1.075,4.28,6.25,8.9,31.4,30.65,32.2,128.535,52.45,22.05,12.935,7.4,8.505,91.65,0.15,0.0,43.525,13.125,43.9,43.9,13.5,13.5,111.65,111.65,111.65,111.65,1.15,1.01,10.8,1.15,1.03,3.1,1.03,1.03,41.8,13.55,11.4,109.55,109.55,41.8,31.55,71.55,71.55,41.8,13.7,51.35,51.35,75.15,103.15,20.95,27.15,75.15,103.15,121.05,1.15,27.65,27.15,39.8,26.7,27.9,0.8069,0.5913,10.155,0.8069,1.0817,2.1,1.35,1.35,0.5,1.125,0.0,1.5,1.2,1.125,128.535,52.45,22.05,12.935,7.85,100.95,60.65,62.65,12.9,104.95,105.15,17.8,14.95,15.15,5.325,14.59,14.77,130.355,127.65,129.805,129.905,129.905,129.905,129.905,122.45,53.45,53.0,52.675,52.675,8.15
rear_flash_led,124.1,24.3,20.8,124.575,133.84,133.84,134.02,134.02,114.6,133.82,134.015,134.015,134.015,134.015,134.015,115.6,125.7,10.1,4.0,2.275,5.48,9.9,7.5,28.9,28.15,29.7,132.185,49.95,24.15,16.585,10.84,10.4,95.3,1.35,0.6185,41.025,15.3,41.4,41.4,15.6,15.6,115.3,115.3,115.3,115.3,4.8,1.3,12.9,4.8,1.23,1.23,1.23,1.23,39.3,17.2,13.5,113.2,113.2,39.3,35.2,75.2,75.2,39.3,17.35,48.85,48.85,78.8,106.8,23.05,30.8,78.8,106.8,124.7,2.35,31.3,30.8,43.45,30.35,25.4,4.155,2.495,12.255,4.155,3.0,4.2,3.45,3.45,2.6,2.3,1.5,0.0,0.85,1.325,132.185,49.95,24.15,16.585,9.05,104.6,64.3,66.3,10.4,108.6,108.8,20.8,18.6,18.8,8.975,18.24,18.42,134.005,131.3,133.455,133.555,133.555,133.555,133.555,126.1,50.95,50.5,53.95,50.175,11.8
rear_flash_led_window,123.8,24.0,20.5,124.275,133.54,133.54,133.72,133.72,114.3,133.52,133.715,133.715,133.715,133.715,133.715,115.3,125.4,9.8,5.55,3.825,7.03,9.6,7.2,28.6,27.85,29.4,131.885,49.65,23.85,16.285,10.54,11.255,95.0,2.9,0.3,40.725,15.0,41.1,41.1,15.3,15.3,115.0,115.0,115.0,115.0,4.5,1.0,12.6,4.5,0.3,0.3,0.3,0.3,39.0,16.9,13.2,112.9,112.9,39.0,34.9,74.9,74.9,39.0,17.05,48.55,48.55,78.5,106.5,22.75,30.5,78.5,106.5,124.4,3.9,31.0,30.5,43.15,30.05,25.1,3.855,2.195,11.955,3.855,2.7,3.9,3.15,3.15,2.3,2.0,1.2,0.85,0.0,0.0,131.885,49.65,23.85,16.285,10.6,104.3,64.0,66.0,10.1,108.3,108.5,20.5,18.3,18.5,8.675,17.94,18.12,133.705,131.0,133.155,133.255,133.255,133.255,133.255,125.8,50.65,50.2,53.65,49.875,11.5
rear_flash_shell_aperture,123.5,23.7,20.2,123.975,133.24,133.24,133.42,133.42,114.0,133.22,133.415,133.415,133.415,133.415,133.415,115.0,125.1,9.5,6.025,4.3,7.505,9.4,6.9,28.3,27.55,29.1,131.585,49.35,23.55,15.985,10.625,11.73,94.7,3.375,0.0,40.425,14.7,40.8,40.8,15.0,15.0,114.7,114.7,114.7,114.7,4.2,0.7,12.3,4.2,0.0,0.0,0.0,0.0,38.7,16.6,12.9,112.6,112.6,38.7,34.6,74.6,74.6,38.7,16.75,48.25,48.25,78.2,106.2,22.45,30.2,78.2,106.2,124.1,4.375,30.7,30.2,42.85,29.75,24.8,3.555,1.895,11.655,3.555,2.4,3.6,2.85,2.85,2.0,1.7,1.125,1.325,0.0,0.0,131.585,49.35,23.55,15.985,11.075,104.0,63.7,65.7,9.8,108.0,108.2,20.2,18.0,18.2,8.375,17.64,17.82,133.405,130.7,132.855,132.955,132.955,132.955,132.955,125.5,50.35,49.9,53.35,49.575,11.2
screen_adhesive_bottom,6.31,27.885,24.385,5.76,5.61,5.61,5.81,5.81,7.96,3.91,4.31,4.31,4.31,4.31,4.31,5.585,5.06,143.285,131.385,128.285,4.8,143.085,140.685,140.185,139.435,140.985,0.11,6.5,6.5,149.77,144.025,143.585,24.885,8.885,9.66,18.885,18.885,132.885,132.885,132.885,132.885,15.985,9.885,15.985,9.885,126.385,127.385,127.385,137.985,131.135,131.585,131.585,133.785,130.785,110.785,130.785,14.785,14.785,92.785,92.785,52.785,52.785,110.785,0.0,124.385,96.385,48.385,20.385,124.385,96.385,48.385,20.385,6.86,124.885,88.885,88.385,87.935,101.035,114.885,127.58,128.085,128.085,137.34,128.085,129.285,128.66,136.36,127.685,127.385,128.535,132.185,131.885,131.585,0.0,6.05,6.05,149.77,0.06,18.585,45.885,47.885,121.885,21.185,21.385,23.385,111.185,111.385,142.16,151.425,151.605,4.61,8.62,8.705,8.355,4.26,4.26,4.115,4.935,78.385,77.885,77.435,99.535,115.385
screen_adhesive_left,9.55,9.53,5.55,17.8,14.85,19.85,15.05,20.05,47.65,47.05,48.45,51.45,54.45,57.45,60.45,48.55,6.55,6.55,49.55,51.05,2.16,28.55,31.55,16.05,15.3,16.85,6.5,0.11,75.1,6.5,28.8,29.55,70.05,6.66,9.66,8.175,66.175,7.66,7.66,66.55,66.55,7.66,7.66,66.55,66.55,52.25,52.25,63.85,52.25,48.9,48.9,51.55,48.9,7.46,64.45,64.45,7.46,64.45,7.46,64.45,7.46,64.45,7.46,0.0,5.26,5.26,5.26,5.26,74.0,74.0,74.0,74.0,28.55,44.55,76.1,75.65,75.325,75.325,6.55,53.5,53.445,63.205,53.5,53.95,55.15,54.4,54.4,53.55,53.25,52.45,49.95,49.65,49.35,6.05,0.0,75.1,6.05,0.06,21.55,62.1,76.0,21.55,51.55,59.55,70.85,51.55,59.55,53.8,54.85,55.05,32.45,31.15,30.95,31.85,31.955,42.795,31.85,33.08,4.81,4.585,4.435,4.435,41.55
screen_adhesive_right,63.55,9.53,5.55,53.8,58.85,53.85,59.05,54.05,9.45,12.05,25.45,22.45,19.45,16.45,13.45,11.55,6.55,6.55,4.51,5.385,2.16,28.55,31.55,54.05,53.3,54.85,6.5,75.1,0.11,6.5,28.8,29.55,6.91,6.66,9.66,66.175,8.175,66.55,66.55,7.66,7.66,66.55,66.55,7.66,7.66,10.72,21.85,10.72,10.72,23.1,25.75,23.1,23.1,64.45,7.46,7.46,64.45,7.46,64.45,7.46,64.45,7.46,64.45,0.0,74.0,74.0,74.0,74.0,5.26,5.26,5.26,5.26,28.55,19.55,4.81,4.585,4.435,4.435,50.55,11.5,21.205,11.445,11.5,11.95,13.15,12.4,12.4,11.55,11.25,22.05,24.15,23.85,23.55,6.05,75.1,0.0,6.05,0.06,21.55,4.76,3.76,35.55,7.55,6.72,6.72,7.55,6.72,17.8,18.85,19.05,32.45,31.15,30.95,31.85,42.795,31.955,31.85,33.08,76.1,75.65,75.325,75.325,5.06
screen_adhesive_top,141.685,41.885,38.385,142.16,151.425,151.425,151.605,151.605,132.185,151.405,151.6,151.6,151.6,151.6,151.6,133.185,143.285,5.06,8.385,18.285,15.8,4.685,3.085,4.585,3.835,5.385,149.77,6.5,6.5,0.11,5.625,5.185,112.885,8.885,9.66,32.885,32.885,15.985,9.885,15.985,9.885,132.885,132.885,132.885,132.885,22.385,11.785,11.785,10.785,18.185,15.985,15.985,15.535,14.785,34.785,14.785,130.785,130.785,52.785,52.785,92.785,92.785,34.785,0.0,20.385,48.385,96.385,124.385,20.385,48.385,96.385,124.385,142.285,14.885,48.885,48.385,61.035,47.935,14.885,21.74,12.485,12.485,11.98,12.485,13.685,20.76,13.06,12.085,11.785,12.935,16.585,16.285,15.985,149.77,6.05,6.05,0.0,0.06,122.185,81.885,83.885,11.885,126.185,126.385,38.385,36.185,36.385,5.76,5.61,5.81,151.59,148.885,151.04,151.14,151.14,151.14,151.14,143.685,50.385,49.885,71.535,49.435,29.385
screen_cover_glass,6.55,9.77,3.75,6.0,5.85,5.85,6.05,6.05,8.2,4.15,4.55,4.55,4.55,4.55,4.55,5.8,5.3,5.3,4.75,5.625,0.18,1.125,2.95,0.0,2.6,0.0,0.35,0.35,0.35,0.35,0.05,0.15,7.15,6.9,9.9,7.5,7.5,7.9,7.9,7.9,7.9,7.9,7.9,7.9,7.9,10.96,10.96,10.96,10.96,10.98,10.98,10.98,10.98,7.7,7.7,7.7,7.7,7.7,7.7,7.7,7.7,7.7,7.7,0.0,5.5,5.5,5.5,5.5,5.5,5.5,5.5,5.5,7.1,5.6,5.05,4.825,4.675,4.675,5.5,10.39,10.39,10.39,10.39,10.55,10.55,10.475,10.475,4.4,11.075,7.85,9.05,10.6,11.075,0.06,0.06,0.06,0.06,0.0,11.055,5.0,4.0,5.5,6.0,6.96,6.96,6.0,6.96,6.0,5.85,6.05,4.85,8.86,8.945,8.595,4.5,4.5,4.355,5.175,5.05,4.825,4.675,4.675,5.3
service_label_recess,10.5,1.105,1.705,10.975,20.24,20.24,20.42,20.42,1.1954,20.22,20.415,20.415,20.415,20.415,20.415,2.0,12.1,115.7,103.8,100.7,7.485,115.5,113.1,112.6,111.85,113.4,18.585,21.55,21.55,122.185,116.44,116.0,16.5,3.355,0.0,12.625,12.625,105.3,105.3,105.3,105.3,13.0,13.0,13.0,13.0,98.8,99.8,99.8,110.4,103.55,104.0,104.0,106.2,103.2,83.2,103.2,10.9,10.9,65.2,65.2,25.2,25.2,83.2,19.35,96.8,68.8,20.8,20.45,96.8,68.8,20.8,20.45,11.1,97.3,61.3,60.8,60.35,73.45,87.3,99.995,100.5,100.5,109.755,100.5,101.7,101.075,108.775,100.1,99.8,100.95,104.6,104.3,104.0,18.585,21.55,21.55,122.185,11.055,0.0,18.3,22.45,94.3,4.155,6.0,17.3,83.6,83.8,114.575,123.84,124.02,20.405,17.7,19.855,19.955,19.955,19.955,19.955,12.5,50.8,50.3,49.85,71.95,87.8
sim_tray_keepout,50.55,2.77,0.0,40.8,47.54,47.54,47.72,47.72,28.3,47.52,47.715,47.715,47.715,47.715,47.715,29.3,39.4,75.4,63.5,60.4,1.43,75.2,72.8,72.3,71.55,73.1,45.885,62.1,4.4,81.885,76.14,75.7,9.0,22.0,2.9,53.175,0.5,65.0,65.0,65.0,65.0,53.55,53.55,29.0,29.0,58.5,59.5,59.5,70.1,63.25,63.7,63.7,65.9,62.9,42.9,62.9,51.45,26.9,51.45,24.9,51.45,0.7,51.45,0.0,61.0,61.0,61.0,61.0,56.5,28.5,0.0,20.5,38.4,57.0,21.0,20.5,20.05,33.15,47.0,59.695,60.2,60.2,69.455,60.2,61.4,60.775,68.475,59.8,59.5,60.65,64.3,64.0,63.7,45.885,62.1,4.76,81.885,5.0,18.3,0.0,0.0,54.0,22.3,22.5,0.0,43.3,43.5,74.275,83.54,83.72,47.705,45.0,47.155,47.255,47.255,47.255,47.255,39.8,63.1,62.65,62.325,62.325,47.5
sim_tray_outline,64.45,8.45,6.45,54.7,59.75,54.75,59.95,54.95,30.3,49.52,49.715,49.715,49.715,49.715,49.715,31.3,41.4,77.4,65.5,62.4,3.06,77.2,74.8,74.3,73.55,75.1,47.885,76.0,3.4,83.885,78.14,77.7,11.0,6.45,1.9,67.075,9.075,67.45,67.45,67.0,67.0,67.45,67.45,31.0,31.0,60.5,61.5,61.5,72.1,65.25,65.7,65.7,67.9,65.35,44.9,64.9,65.35,28.9,65.35,26.9,65.35,7.35,65.35,0.0,74.9,74.9,74.9,74.9,58.5,30.5,0.7,22.5,40.4,59.0,23.0,22.5,22.05,35.15,51.45,61.695,62.2,62.2,71.455,62.2,63.4,62.775,70.475,61.8,61.5,62.65,66.3,66.0,65.7,47.885,76.0,3.76,83.885,4.0,22.45,0.0,0.0,56.0,24.3,24.5,2.75,45.3,45.5,76.275,85.54,85.72,49.705,47.0,49.155,49.255,49.255,49.255,49.255,41.8,77.0,76.55,76.225,76.225,49.5
soc_shield_can,113.8,14.0,10.5,114.275,123.54,123.54,123.72,123.72,104.3,123.52,123.715,123.715,123.715,123.715,123.715,105.3,115.4,5.4,10.0,11.5,1.93,5.2,2.8,6.06,1.55,6.075,121.885,21.55,35.55,11.885,6.14,6.155,85.0,0.2,3.2,12.625,26.625,13.0,13.0,27.0,27.0,105.0,105.0,105.0,105.0,12.7,12.7,24.3,12.7,9.35,9.35,12.0,9.35,10.9,24.9,24.9,102.9,102.9,24.9,24.9,64.9,64.9,10.9,12.65,20.45,20.5,68.5,96.5,34.45,34.45,68.5,96.5,114.4,5.0,36.55,36.1,35.775,35.775,0.0,13.95,13.895,23.655,13.95,14.4,15.6,14.85,14.85,14.0,13.7,12.9,10.4,10.1,9.8,121.885,21.55,35.55,11.885,5.5,94.3,54.0,56.0,0.0,98.3,98.5,31.3,12.0,20.0,14.25,15.3,15.5,123.705,121.0,123.155,123.255,123.255,123.255,123.255,115.8,22.55,22.1,43.65,21.775,2.0
split_interconnect_bottom_connector,40.0,4.3,0.8,30.25,35.3,30.3,35.5,30.5,3.6,22.82,23.015,23.015,23.015,23.015,23.015,4.6,14.7,119.7,107.8,104.7,2.43,119.5,117.1,116.6,115.85,117.4,21.185,51.55,7.55,126.185,120.44,120.0,2.5,0.0,3.0,42.625,0.6,109.3,109.3,109.3,109.3,43.0,43.0,4.3,4.3,102.8,103.8,103.8,114.4,107.55,108.0,108.0,110.2,107.2,87.2,107.2,40.9,2.2,69.2,69.2,40.9,29.2,87.2,7.85,100.8,72.8,50.45,50.45,100.8,72.8,24.8,6.45,13.7,101.3,65.3,64.8,64.35,77.45,91.3,103.995,104.5,104.5,113.755,104.5,105.7,105.075,112.775,104.1,103.8,104.95,108.6,108.3,108.0,21.185,51.55,7.55,126.185,6.0,4.155,22.3,24.3,98.3,0.0,0.06,3.3,87.6,87.8,118.575,127.84,128.02,23.005,20.3,22.455,22.555,22.555,22.555,22.555,15.1,54.8,54.3,53.85,75.95,91.8
split_interconnect_bottom_flex_tail,48.0,4.5,1.0,38.25,43.3,38.3,43.5,38.5,3.8,23.02,23.215,23.215,23.215,23.215,23.215,4.8,14.9,119.9,108.0,104.9,3.39,119.7,117.3,116.8,116.05,117.6,21.385,59.55,6.36,126.385,120.64,120.2,1.5,0.0,2.76,50.625,0.36,109.5,109.5,109.5,109.5,51.0,51.0,4.5,4.5,103.0,104.0,104.0,114.6,107.75,108.2,108.2,110.4,107.4,87.4,107.4,48.9,2.4,69.4,69.4,48.9,29.4,87.4,3.35,101.0,73.0,58.45,58.45,101.0,73.0,25.0,1.95,13.9,101.5,65.5,65.0,64.55,77.65,91.5,104.195,104.7,104.7,113.955,104.7,105.9,105.275,112.975,104.3,104.0,105.15,108.8,108.5,108.2,21.385,59.55,6.72,126.385,6.96,6.0,22.5,24.5,98.5,0.06,0.0,0.0,87.8,88.0,118.775,128.04,128.22,23.205,20.5,22.655,22.755,27.245,22.755,22.755,17.53,60.55,60.1,59.775,76.15,92.0
split_interconnect_side_flex,59.3,3.3,1.3,49.55,54.6,49.6,54.8,49.8,5.8,25.02,25.215,25.215,25.215,25.215,25.215,7.3,16.9,31.9,20.0,16.9,3.39,31.7,29.3,49.8,49.05,50.6,23.385,70.85,6.36,38.385,32.64,32.2,0.01,1.3,2.76,61.925,3.925,62.3,62.3,21.5,21.5,62.3,62.3,6.5,6.5,15.0,17.6,16.0,26.6,19.75,21.5,20.2,22.4,60.2,2.2,19.4,60.2,4.4,60.2,2.2,60.2,2.2,60.2,2.15,69.75,69.75,69.75,69.75,13.0,0.7524,0.7524,0.7524,24.3,15.3,2.85,2.4,2.075,2.075,46.3,16.195,16.955,16.7,25.955,16.7,17.9,17.275,24.975,16.3,16.0,17.8,20.8,20.5,20.2,23.385,70.85,6.72,38.385,6.96,17.3,0.0,2.75,31.3,3.3,0.0,0.0,3.3,0.0,30.775,40.04,40.22,28.2,26.9,26.7,27.6,38.545,27.705,27.6,28.83,71.85,71.4,71.075,71.075,4.0
split_interconnect_top_connector,103.1,3.3,0.0,103.575,112.84,112.84,113.02,113.02,93.6,112.82,113.015,113.015,113.015,113.015,113.015,94.6,104.7,29.7,17.8,14.7,2.43,29.5,27.1,30.5,29.75,31.3,111.185,51.55,7.55,36.185,30.44,30.0,74.3,0.0,3.0,42.625,0.6,43.0,43.0,19.3,19.3,94.3,94.3,94.3,94.3,12.8,13.8,13.8,24.4,17.55,18.0,18.0,20.2,40.9,0.8,17.2,92.2,92.2,40.9,14.2,54.2,54.2,40.9,7.85,50.45,50.45,57.8,85.8,10.8,9.8,57.8,85.8,103.7,11.3,10.3,9.8,22.45,9.35,27.0,13.995,14.5,14.5,23.755,14.5,15.7,15.075,22.775,14.1,13.8,14.95,18.6,18.3,18.0,111.185,51.55,7.55,36.185,6.0,83.6,43.3,45.3,12.0,87.6,87.8,3.3,0.0,0.06,28.575,37.84,38.02,113.005,110.3,112.455,112.555,112.555,112.555,112.555,105.1,52.55,52.1,51.775,51.775,1.8
split_interconnect_top_flex_tail,103.3,3.5,0.0,103.775,113.04,113.04,113.22,113.22,93.8,113.02,113.215,113.215,113.215,113.215,113.215,94.8,104.9,29.9,18.0,14.9,3.39,29.7,27.3,38.5,37.75,39.3,111.385,59.55,6.36,36.385,30.64,30.2,74.5,0.0,2.76,50.625,0.36,51.0,51.0,19.5,19.5,94.5,94.5,94.5,94.5,13.0,14.0,14.0,24.6,17.75,18.2,18.2,20.4,48.9,0.56,17.4,92.4,92.4,48.9,14.4,54.4,54.4,48.9,3.35,58.45,58.45,58.45,86.0,11.0,10.0,58.0,86.0,103.9,11.5,10.5,10.0,22.65,9.55,35.0,14.195,14.7,14.7,23.955,14.7,15.9,15.275,22.975,14.3,14.0,15.15,18.8,18.5,18.2,111.385,59.55,6.72,36.385,6.96,83.8,43.5,45.5,20.0,87.8,88.0,0.0,0.06,0.0,28.775,38.04,38.22,113.205,110.5,112.655,112.755,112.755,112.755,112.755,105.3,60.55,60.1,59.775,59.775,2.0
top_mic,134.075,34.275,30.775,134.55,143.815,143.815,143.995,143.995,124.575,143.795,143.99,143.99,143.99,143.99,143.99,125.575,135.675,0.0,1.226,10.675,8.19,7.25,10.25,32.75,32.0,33.55,142.16,53.8,17.8,5.4,7.5,8.25,105.275,1.275,2.9,44.875,25.275,45.25,45.25,9.25,9.25,125.275,125.275,125.275,125.275,14.775,4.175,6.55,3.96,10.575,8.375,8.375,7.925,43.15,27.175,7.175,123.175,123.175,45.175,45.175,85.175,85.175,43.15,5.725,52.7,52.7,88.775,116.775,16.7,40.775,88.775,116.775,134.675,7.275,41.275,40.775,53.425,40.325,29.25,14.13,4.875,5.905,4.37,4.875,6.075,13.15,5.45,4.475,4.175,5.325,8.975,8.675,8.375,142.16,53.8,17.8,5.76,6.0,114.575,74.275,76.275,14.25,118.575,118.775,30.775,28.575,28.775,0.0,6.615,6.795,143.98,141.275,143.43,143.53,143.53,143.53,143.53,136.075,54.8,54.35,63.925,54.025,21.775
top_microphone_mesh,143.34,43.54,40.04,143.815,153.08,153.08,153.26,153.26,133.84,153.06,153.255,153.255,153.255,153.255,153.255,134.84,144.94,2.14,10.04,19.94,17.455,8.3,11.3,33.8,33.05,34.6,151.425,54.85,18.85,5.25,8.55,9.3,114.54,10.54,2.65,45.925,34.54,46.3,46.3,17.64,11.54,134.54,134.54,134.54,134.54,24.04,13.44,13.44,12.44,19.84,17.64,17.64,17.19,44.2,36.44,16.44,132.44,132.44,54.44,54.44,94.44,94.44,44.2,0.0,53.75,53.75,98.04,126.04,22.04,50.04,98.04,126.04,143.94,16.54,50.54,50.04,62.69,49.59,30.3,23.395,14.14,14.14,13.635,14.14,15.34,22.415,14.715,13.74,13.44,14.59,18.24,17.94,17.64,151.425,54.85,18.85,5.61,5.85,123.84,83.54,85.54,15.3,127.84,128.04,40.04,37.84,38.04,6.615,0.0,0.06,153.245,150.54,152.695,152.795,152.795,152.795,152.795,145.34,55.85,55.4,73.19,55.075,31.04
top_microphone_port,143.52,43.72,40.22,143.995,153.26,153.26,153.44,153.44,134.02,153.24,153.435,153.435,153.435,153.435,153.435,135.02,145.12,2.32,10.22,20.12,17.635,8.5,11.5,34.0,33.25,34.8,151.605,55.05,19.05,5.45,8.75,9.5,114.72,10.72,2.85,46.125,34.72,46.5,46.5,17.82,11.72,134.72,134.72,134.72,134.72,24.22,13.62,13.62,12.62,20.02,17.82,17.82,17.37,44.4,36.62,16.62,132.62,132.62,54.62,54.62,94.62,94.62,44.4,0.1,53.95,53.95,98.22,126.22,22.22,50.22,98.22,126.22,144.12,16.72,50.72,50.22,62.87,49.77,30.5,23.575,14.32,14.32,13.815,14.32,15.52,22.595,14.895,13.92,13.62,14.77,18.42,18.12,17.82,151.605,55.05,19.05,5.81,6.05,124.02,83.72,85.72,15.5,128.02,128.22,40.22,38.02,38.22,6.795,0.06,0.0,153.425,150.72,152.875,152.975,152.975,152.975,152.975,145.52,56.05,55.6,73.37,55.275,31.22
usb_c_external_aperture,20.9,29.705,26.205,11.15,16.2,11.2,16.4,11.4,6.405,4.4,5.8,8.8,11.8,14.8,17.8,7.405,2.305,145.105,133.205,130.105,6.62,144.905,142.505,142.005,141.255,142.805,4.25,32.45,32.45,151.59,145.845,145.405,27.4,10.705,1.45,23.525,23.525,134.705,134.705,134.705,134.705,23.9,23.9,23.9,23.9,128.205,129.205,129.205,139.805,132.955,133.405,133.405,135.605,132.605,112.605,132.605,21.8,21.8,94.605,94.605,54.605,54.605,112.605,0.3,126.205,98.205,50.205,31.35,126.205,98.205,50.205,31.35,7.305,126.705,90.705,90.205,89.755,102.855,116.705,129.4,129.905,129.905,139.16,129.905,131.105,130.48,138.18,129.505,129.205,130.355,134.005,133.705,133.405,4.61,32.45,32.45,151.59,4.85,20.405,47.705,49.705,123.705,23.005,23.205,28.2,113.005,113.205,143.98,153.245,153.425,0.0,0.6505,0.505,0.145,0.145,0.145,0.145,0.105,80.205,79.705,79.255,101.355,117.205
usb_c_internal_drain_shelf,19.6,27.0,23.5,9.85,14.9,9.9,15.1,10.1,3.7,3.1,4.5,7.5,10.5,13.5,16.5,4.7,1.56,142.4,130.5,127.4,5.29,142.2,139.8,139.3,138.55,140.1,8.26,31.15,31.15,148.885,143.14,142.7,26.1,8.0,0.76,22.225,22.225,132.0,132.0,132.0,132.0,22.6,22.6,22.6,22.6,125.5,126.5,126.5,137.1,130.25,130.7,130.7,132.9,129.9,109.9,129.9,20.5,20.5,91.9,91.9,51.9,51.9,109.9,0.0,123.5,95.5,47.5,30.05,123.5,95.5,47.5,30.05,4.6,124.0,88.0,87.5,87.05,100.15,114.0,126.695,127.2,127.2,136.455,127.2,128.4,127.775,135.475,126.8,126.5,127.65,131.3,131.0,130.7,8.62,31.15,31.15,148.885,8.86,17.7,45.0,47.0,121.0,20.3,20.5,26.9,110.3,110.5,141.275,150.54,150.72,0.6505,0.0,0.0,0.055,0.0814,0.0814,4.155,0.435,77.5,77.0,76.55,98.65,114.5
usb_c_molded_drip_break_lip,19.4,29.155,25.655,9.65,14.7,9.7,14.9,9.9,5.855,2.9,4.3,7.3,10.3,13.3,16.3,6.855,1.755,144.555,132.655,129.555,6.07,144.355,141.955,141.455,140.705,142.255,8.345,30.95,30.95,151.04,145.295,144.855,26.155,10.155,0.505,22.025,22.025,134.155,134.155,134.155,134.155,22.4,22.4,22.4,22.4,127.655,128.655,128.655,139.255,132.405,132.855,132.855,135.055,132.055,112.055,132.055,20.3,20.3,94.055,94.055,54.055,54.055,112.055,0.0,125.655,97.655,49.655,29.85,125.655,97.655,49.655,29.85,6.755,126.155,90.155,89.655,89.205,102.305,116.155,128.85,129.355,129.355,138.61,129.355,130.555,129.93,137.63,128.955,128.655,129.805,133.455,133.155,132.855,8.705,30.95,30.95,151.04,8.945,19.855,47.155,49.155,123.155,22.455,22.655,26.7,112.455,112.655,143.43,152.695,152.875,0.505,0.0,0.0,0.0,0.145,0.145,4.24,0.52,79.655,79.155,78.705,100.805,116.655
usb_c_perimeter_gasket_bottom,20.3,29.255,25.755,10.55,15.6,10.6,15.8,10.8,5.955,3.8,5.2,8.2,11.2,14.2,17.2,6.955,1.855,144.655,132.755,129.655,6.17,144.455,142.055,141.555,140.805,142.355,7.995,31.85,31.85,151.14,145.395,144.955,26.8,10.255,0.955,22.925,22.925,134.255,134.255,134.255,134.255,23.3,23.3,23.3,23.3,127.755,128.755,128.755,139.355,132.505,132.955,132.955,135.155,132.155,112.155,132.155,21.2,21.2,94.155,94.155,54.155,54.155,112.155,0.0,125.755,97.755,49.755,30.75,125.755,97.755,49.755,30.75,6.855,126.255,90.255,89.755,89.305,102.405,116.255,128.95,129.455,129.455,138.71,129.455,130.655,130.03,137.73,129.055,128.755,129.905,133.555,133.255,132.955,8.355,31.85,31.85,151.14,8.595,19.955,47.255,49.255,123.255,22.555,22.755,27.6,112.555,112.755,143.53,152.795,152.975,0.145,0.055,0.0,0.0,0.0,0.0,3.89,0.17,79.755,79.255,78.805,100.905,116.755
usb_c_perimeter_gasket_left,20.405,29.255,25.755,10.655,15.705,10.705,15.905,10.905,15.345,14.745,16.145,19.145,22.145,25.145,28.145,16.245,1.855,144.655,132.755,129.655,6.17,144.455,142.055,141.555,140.805,142.355,3.9,31.955,42.795,151.14,145.395,144.955,37.745,10.255,1.1,23.03,33.87,134.255,134.255,134.255,134.255,23.405,23.405,34.245,34.245,127.755,128.755,128.755,139.355,132.505,132.955,132.955,135.155,132.155,112.155,132.155,21.305,32.145,94.155,94.155,54.155,54.155,112.155,0.0,125.755,97.755,49.755,30.855,125.755,97.755,49.755,41.695,6.855,126.255,90.255,89.755,89.305,102.405,116.255,128.95,129.455,129.455,138.71,129.455,130.655,130.03,137.73,129.055,128.755,129.905,133.555,133.255,132.955,4.26,31.955,42.795,151.14,4.5,19.955,47.255,49.255,123.255,22.555,27.245,38.545,112.555,112.755,143.53,152.795,152.975,0.145,0.0814,0.145,0.0,0.0,10.49,0.0,0.775,79.755,79.255,78.805,100.905,116.755
usb_c_perimeter_gasket_right,31.245,29.255,25.755,21.495,26.545,21.545,26.745,21.745,5.955,3.905,5.305,8.305,11.305,14.305,17.305,6.955,1.855,144.655,132.755,129.655,6.17,144.455,142.055,141.555,140.805,142.355,3.9,42.795,31.955,151.14,145.395,144.955,26.905,10.255,1.1,33.87,23.03,134.255,134.255,134.255,134.255,34.245,34.245,23.405,23.405,127.755,128.755,128.755,139.355,132.505,132.955,132.955,135.155,132.155,112.155,132.155,32.145,21.305,94.155,94.155,54.155,54.155,112.155,0.0,125.755,97.755,49.755,41.695,125.755,97.755,49.755,30.855,6.855,126.255,90.255,89.755,89.305,102.405,116.255,128.95,129.455,129.455,138.71,129.455,130.655,130.03,137.73,129.055,128.755,129.905,133.555,133.255,132.955,4.26,42.795,31.955,151.14,4.5,19.955,47.255,49.255,123.255,22.555,22.755,27.705,112.555,112.755,143.53,152.795,152.975,0.145,0.0814,0.145,0.0,10.49,0.0,0.0,0.775,79.755,79.255,78.805,100.905,116.755
usb_c_perimeter_gasket_top,20.3,29.255,25.755,10.55,15.6,10.6,15.8,10.8,5.955,3.8,5.2,8.2,11.2,14.2,17.2,6.955,1.855,144.655,132.755,129.655,6.17,144.455,142.055,141.555,140.805,142.355,3.755,31.85,31.85,151.14,145.395,144.955,26.8,10.255,5.195,22.925,22.925,134.255,134.255,134.255,134.255,23.3,23.3,23.3,23.3,127.755,128.755,128.755,139.355,132.505,132.955,132.955,135.155,132.155,112.155,132.155,21.2,21.2,94.155,94.155,54.155,54.155,112.155,0.0,125.755,97.755,49.755,30.75,125.755,97.755,49.755,30.75,6.855,126.255,90.255,89.755,89.305,102.405,116.255,128.95,129.455,129.455,138.71,129.455,130.655,130.03,137.73,129.055,128.755,129.905,133.555,133.255,132.955,4.115,31.85,31.85,151.14,4.355,19.955,47.255,49.255,123.255,22.555,22.755,27.6,112.555,112.755,143.53,152.795,152.975,0.145,4.155,4.24,3.89,0.0,0.0,0.0,0.47,79.755,79.255,78.805,100.905,116.755
usb_c_receptacle,21.53,21.8,18.3,11.78,16.83,11.83,17.03,12.03,5.63,5.03,6.43,9.43,12.43,15.43,18.43,6.53,0.0,137.2,125.3,122.2,1.605,137.0,134.6,134.1,133.35,134.9,4.575,33.08,33.08,143.685,137.94,137.5,28.03,2.8,1.475,24.155,24.155,126.8,126.8,126.8,126.8,24.53,24.53,24.53,24.53,120.3,121.3,121.3,131.9,125.05,125.5,125.5,127.7,124.7,104.7,124.7,22.43,22.43,86.7,86.7,46.7,46.7,104.7,0.325,118.3,90.3,42.3,31.98,118.3,90.3,42.3,31.98,0.0,118.8,82.8,82.3,81.85,94.95,108.8,121.495,122.0,122.0,131.255,122.0,123.2,122.575,130.275,121.6,121.3,122.45,126.1,125.8,125.5,4.935,33.08,33.08,143.685,5.175,12.5,39.8,41.8,115.8,15.1,17.53,28.83,105.1,105.3,136.075,145.34,145.52,0.105,0.435,0.52,0.17,0.775,0.775,0.47,0.0,72.3,71.8,71.35,93.45,109.3
volume_button_cap,70.3,8.55,6.55,70.775,80.04,80.04,80.22,80.22,60.8,80.02,80.215,80.215,80.215,80.215,80.215,61.8,71.9,43.9,50.55,52.05,3.16,43.7,41.3,40.8,40.05,41.6,78.385,4.45,76.1,50.385,44.64,44.2,71.05,6.55,3.75,9.175,67.175,33.5,33.5,67.55,67.55,61.5,61.5,67.55,67.55,53.25,53.25,64.85,53.25,49.9,49.9,52.55,49.9,31.4,65.45,65.45,59.4,65.45,7.45,65.45,21.4,65.45,11.4,0.3,25.0,0.8,25.0,53.0,75.0,75.0,75.0,75.0,70.9,45.55,77.1,76.65,76.325,76.325,15.5,54.5,54.445,64.205,54.5,54.95,56.15,55.4,55.4,54.55,54.25,53.45,50.95,50.65,50.35,78.385,4.81,76.1,50.385,5.05,50.8,63.1,77.0,22.55,54.8,60.55,71.85,52.55,60.55,54.8,55.85,56.05,80.205,77.5,79.655,79.755,79.755,79.755,79.755,72.3,0.0,0.0,0.2704,0.2704,42.55
volume_button_elastomer_gasket,69.8,8.1,6.1,70.275,79.54,79.54,79.72,79.72,60.3,79.52,79.715,79.715,79.715,79.715,79.715,61.3,71.4,43.4,50.1,51.6,2.71,43.2,40.8,40.3,39.55,41.1,77.885,4.225,75.65,49.885,44.14,43.7,70.6,6.1,3.525,8.725,66.725,33.0,33.0,67.1,67.1,61.0,61.0,67.1,67.1,52.8,52.8,64.4,52.8,49.45,49.45,52.1,49.45,30.9,65.0,65.0,58.9,65.0,7.0,65.0,20.9,65.0,10.9,0.0,24.5,0.35,24.5,52.5,74.55,74.55,74.55,74.55,70.4,45.1,76.65,76.2,75.875,75.875,15.0,54.05,53.995,63.755,54.05,54.5,55.7,54.95,54.95,54.1,53.8,53.0,50.5,50.2,49.9,77.885,4.585,75.65,49.885,4.825,50.3,62.65,76.55,22.1,54.3,60.1,71.4,52.1,60.1,54.35,55.4,55.6,79.705,77.0,79.155,79.255,79.255,79.255,79.255,71.8,0.0,0.0,0.0,0.0,42.1
volume_button_labyrinth_lower_rail,69.35,7.775,5.775,69.825,79.09,79.09,79.27,79.27,59.85,79.07,79.265,79.265,79.265,79.265,79.265,60.85,70.95,65.05,53.15,51.275,2.385,64.85,62.45,61.95,61.2,62.75,77.435,4.075,75.325,71.535,65.79,65.35,70.275,5.775,3.375,8.4,66.4,54.65,54.65,66.775,66.775,60.55,60.55,66.775,66.775,52.475,52.475,64.075,59.75,52.9,53.35,53.35,55.55,52.55,64.675,64.675,58.45,64.675,14.55,64.675,20.45,64.675,32.55,0.0,46.15,18.15,24.05,52.05,74.225,74.225,74.225,74.225,69.95,46.65,76.325,75.875,75.55,75.55,36.65,53.725,53.67,63.43,59.105,54.175,55.375,54.625,58.125,53.775,53.475,52.675,53.95,53.65,53.35,77.435,4.435,75.325,71.535,4.675,49.85,62.325,76.225,43.65,53.85,59.775,71.075,51.775,59.775,63.925,73.19,73.37,79.255,76.55,78.705,78.805,78.805,78.805,78.805,71.35,0.2704,0.0,0.0,21.3,41.775
volume_button_labyrinth_upper_rail,91.45,7.775,5.775,91.925,101.19,101.19,101.37,101.37,81.95,101.17,101.365,101.365,101.365,101.365,101.365,82.95,93.05,42.95,49.775,51.275,2.385,42.75,40.35,39.85,39.1,40.65,99.535,4.075,75.325,49.435,43.69,43.25,70.275,5.775,3.375,8.4,66.4,32.55,32.55,66.775,66.775,82.65,82.65,82.65,82.65,52.475,52.475,64.075,52.475,49.125,49.125,51.775,49.125,30.45,64.675,64.675,80.55,80.55,6.675,64.675,42.55,64.675,10.45,0.0,24.05,0.025,46.15,74.15,74.225,74.225,74.225,74.225,92.05,44.775,76.325,75.875,75.55,75.55,14.55,53.725,53.67,63.43,53.725,54.175,55.375,54.625,54.625,53.775,53.475,52.675,50.175,49.875,49.575,99.535,4.435,75.325,49.435,4.675,71.95,62.325,76.225,21.775,75.95,76.15,71.075,51.775,59.775,54.025,55.075,55.275,101.355,98.65,100.805,100.905,100.905,100.905,100.905,93.45,0.2704,0.0,21.3,0.0,41.775
wifi_bt_side_antenna_keepout,107.3,7.5,4.0,107.775,117.04,117.04,117.22,117.22,97.8,117.02,117.215,117.215,117.215,117.215,117.215,98.8,108.9,22.9,11.0,7.9,1.73,22.7,20.3,20.5,19.75,21.3,115.385,41.55,4.7,29.385,23.64,23.2,78.5,0.0,2.6,32.625,0.2,33.0,33.0,12.5,12.5,98.5,98.5,98.5,98.5,6.0,7.0,7.0,17.6,10.75,11.2,11.2,13.4,30.9,0.5657,10.4,96.4,96.4,30.9,18.4,58.4,58.4,30.9,0.0,40.45,40.45,62.0,90.0,4.0,14.0,62.0,90.0,107.9,4.5,14.5,14.0,26.65,13.55,17.0,7.195,7.7,7.7,16.955,7.7,8.9,8.275,15.975,7.3,7.0,8.15,11.8,11.5,11.2,115.385,41.55,5.06,29.385,5.3,87.8,47.5,49.5,2.0,91.8,92.0,4.0,1.8,2.0,21.775,31.04,31.22,117.205,114.5,116.655,116.755,116.755,116.755,116.755,109.3,42.55,42.1,41.775,41.775,0.0
